ID,Zone,Row,Col,Volts,Deg.,Depth,Side,Eval,Channel,Location,Extent
17,B,1,2.0,0.99,4.0,13.59,In,PIT,D180,TSP7+0.126m,0.02
18,B,1,3.0,0.58,6.0,18.63,In,PIT,D180,TSP10+0.337m,0.02
19,B,1,4.0,0.73,5.0,14.85,In,PIT,D180,TSP8+0.350m,0.02
20,B,1,5.0,0.8,5.0,14.92,In,PIT,D180,TSP7+0.336m,0.01
21,B,1,6.0,0.88,6.0,18.26,In,PIT,D180,TSP8+0.396m,0.03
22,B,1,8.0,0.78,6.0,17.67,In,PIT,D180,TSP9+0.136m,0.02
23,B,1,11.0,1.05,4.0,13.87,In,PIT,D180,TSP6+0.122m,0.03
24,B,1,13.0,1.33,4.0,13.35,In,PIT,D180,TSP9+0.507m,0.02
25,B,1,15.0,0.65,5.0,15.37,In,PIT,D180,TSP7+0.063m,0.03
26,B,1,16.0,1.13,7.0,21.76,In,PIT,D180,TSP11+0.071m,0.02
27,B,1,17.0,0.77,6.0,17.61,In,PIT,D180,TSP5+0.467m,0.03
28,B,1,19.0,1.29,7.0,20.83,In,PIT,D180,TSP10+0.778m,0.04
29,B,1,21.0,1.92,4.0,16.13,In,PIT,D180,TSP11+0.026m,0.01
30,B,1,22.0,3.32,9.0,27.85,In,PIT,D180,TSP10+0.173m,0.01
31,B,1,23.0,1.58,9.0,26.68,In,PIT,D180,TSP9+0.551m,0.02
32,B,1,25.0,0.93,2.0,11.66,In,PIT,D180,TSP2+0.188m,0.02
33,B,1,26.0,1.64,5.0,17.38,In,PIT,D180,TSP10+0.336m,0.03
34,B,1,27.0,1.57,6.0,21.14,In,PIT,D180,TSP5+0.275m,0.02
35,B,1,28.0,1.15,3.0,14.32,In,PIT,D180,TSP10+0.344m,0.02
36,B,1,33.0,0.73,5.0,19.27,In,PIT,D180,TSP7+0.531m,0.02
37,B,1,34.0,1.24,9.0,28.15,In,PIT,D180,TSP9+0.735m,0.02
38,B,1,35.0,0.54,6.0,19.61,In,PIT,D180,TSP9+0.092m,0.01
39,B,1,36.0,0.93,4.0,15.54,In,PIT,D180,TSP11+0.483m,0.03
40,B,1,37.0,1.13,3.0,13.12,In,PIT,D180,TSP5+0.214m,0.01
41,B,1,38.0,0.86,7.0,22.37,In,PIT,D180,TSP4+0.394m,0.01
42,B,1,39.0,1.16,6.0,20.77,In,PIT,D180,TSP10+0.279m,0.02
43,B,1,40.0,1.07,4.0,15.63,In,PIT,D180,TSP11+0.373m,0.02
44,B,1,41.0,0.96,7.0,22.60,In,PIT,D180,TSP9+0.239m,0.01
45,B,2,2.0,0.91,7.0,21.35,In,PIT,D180,TSP4+0.433m,0.03
46,B,2,6.0,1.1,3.0,10.06,In,PIT,D180,TSP5+0.489m,0.02
47,B,2,7.0,1.17,4.0,13.16,In,PIT,D180,TSP9+0.112m,0.01
48,B,2,8.0,1.21,6.0,17.13,In,PIT,D180,TSP9+0.479m,0.01
49,B,2,9.0,0.87,6.0,18.49,In,PIT,D180,TSP10+0.285m,0.02
50,B,2,12.0,1.52,6.0,19.15,In,PIT,D180,TEO+0.166m,0.02
51,B,2,13.0,1.2,7.0,20.31,In,PIT,D180,TSP11+0.310m,0.03
52,B,2,14.0,1.67,8.0,23.35,In,PIT,D180,TSP8+0.413m,0.03
53,B,2,15.0,0.95,7.0,19.68,In,PIT,D180,TSP4+0.533m,0.04
54,B,2,16.0,1.28,5.0,15.39,In,PIT,D180,TSP4+0.489m,0.02
55,B,2,17.0,0.97,3.0,11.10,In,PIT,D180,TSP4+0.368m,0.03
56,B,2,18.0,1.27,4.0,12.59,In,PIT,D180,TSP7+0.364m,0.02
57,B,2,20.0,1.09,8.0,22.25,In,PIT,D180,TSP5+0.464m,0.04
58,B,2,22.0,1.0,6.0,17.59,In,PIT,D180,TSP7+0.475m,0.01
59,B,2,24.0,1.88,11.0,31.16,In,PIT,D180,TSP8+0.230m,0.02
60,B,2,25.0,0.75,10.0,28.83,In,PIT,D180,TSP9+0.444m,0.03
61,B,2,26.0,1.15,5.0,15.70,In,PIT,D180,TSP10+0.429m,0.03
62,B,2,27.0,1.17,8.0,24.24,In,PIT,D180,TSP9+0.262m,0.02
63,B,2,28.0,2.21,10.0,28.19,In,PIT,D180,TSP11+0.719m,0.03
64,B,2,30.0,0.7,5.0,15.55,In,PIT,D180,TSP8+0.446m,0.03
65,B,2,31.0,1.43,2.0,10.34,In,PIT,D180,TSP8+0.095m,0.02
66,B,2,34.0,0.78,6.0,21.63,In,PIT,D180,TSP9+0.261m,0.01
67,B,2,35.0,1.25,5.0,17.36,In,PIT,D180,TSP11+0.155m,0.02
68,B,2,36.0,1.0,6.0,20.74,In,PIT,D180,TSP11+0.305m,0.02
69,B,2,38.0,0.73,7.0,24.08,In,PIT,D180,TSP3+0.166m,0.02
70,B,2,40.0,1.03,9.0,28.61,In,PIT,D180,TSP5+0.203m,0.02
71,B,2,41.0,0.69,3.0,12.54,In,PIT,D180,TSP11+0.398m,0.02
72,B,2,43.0,1.69,7.0,22.30,In,PIT,D180,TSP9+0.210m,0.01
73,B,2,44.0,1.64,6.0,21.63,In,PIT,D180,TSP10+0.301m,0.03
74,B,2,45.0,1.13,7.0,22.59,In,PIT,D180,TSP11+0.142m,0.02
75,B,2,47.0,1.22,7.0,22.56,In,PIT,D180,TSP9+0.411m,0.01
76,B,2,48.0,3.4,4.0,15.24,In,PIT,D180,TSP6+0.170m,0.02
77,B,2,49.0,0.82,5.0,17.85,In,PIT,D180,TSP9+0.426m,0.01
78,B,2,51.0,1.12,5.0,18.51,In,PIT,D180,TSP9+0.156m,0.03
79,B,2,52.0,0.89,6.0,20.55,In,PIT,D180,TSP9+0.110m,0.02
80,B,3,1.0,1.04,6.0,18.33,In,PIT,D180,TSP6+0.528m,0.03
81,B,3,2.0,0.76,4.0,14.07,In,PIT,D180,TSP10+0.056m,0.03
82,B,3,4.0,0.94,7.0,21.29,In,PIT,D180,TSP10+0.055m,0.02
83,B,3,5.0,0.82,7.0,19.73,In,PIT,D180,TSP8+0.611m,0.02
84,B,3,6.0,0.74,4.0,14.38,In,PIT,D180,TSP3+0.284m,0.03
85,B,3,7.0,1.78,9.0,26.55,In,PIT,D180,TSP10+0.141m,0.02
86,B,3,11.0,0.65,5.0,16.18,In,PIT,D180,TSP7+0.044m,0.03
87,B,3,12.0,1.16,7.0,21.89,In,PIT,D180,TSP9+0.207m,0.02
88,B,3,13.0,2.5,7.0,20.74,In,PIT,D180,TEO+0.197m,0.06
89,B,3,14.0,1.49,7.0,20.79,In,PIT,D180,TSP3+0.065m,0.02
90,B,3,15.0,0.54,7.0,20.54,In,PIT,D180,TSP2+0.239m,0.03
91,B,3,17.0,1.26,6.0,17.97,In,PIT,D180,TEO+0.109m,0.02
92,B,3,18.0,0.96,6.0,18.45,In,PIT,D180,TSP1+0.571m,0.02
93,B,3,19.0,1.0,5.0,17.04,In,PIT,D180,TSP6+0.579m,0.02
94,B,3,21.0,1.46,4.0,14.29,In,PIT,D180,TSP9+0.339m,0.04
95,B,3,22.0,0.81,9.0,25.30,In,PIT,D180,TSP10+0.606m,0.03
96,B,3,23.0,1.02,3.0,11.04,In,PIT,D180,TSP5+0.082m,0.02
97,B,3,25.0,1.27,6.0,19.16,In,PIT,D180,TSP5+0.671m,0.03
98,B,3,26.0,0.88,6.0,19.39,In,PIT,D180,TSP6+0.613m,0.03
99,B,3,30.0,1.3,7.0,19.72,In,PIT,D180,TSP4+0.161m,0.02
100,B,3,31.0,0.84,3.0,13.94,In,PIT,D180,TSP10+0.694m,0.02
101,B,3,32.0,1.51,7.0,21.97,In,PIT,D180,TSP10+0.694m,0.09
102,B,3,33.0,1.06,3.0,13.96,In,PIT,D180,TSP10+0.246m,0.02
103,B,3,34.0,0.78,3.0,14.02,In,PIT,D180,TSP7+0.091m,0.02
104,B,3,35.0,1.79,3.0,14.09,In,PIT,D180,TSP10+0.216m,0.02
105,B,3,36.0,0.84,9.0,28.57,In,PIT,D180,TSP9+0.444m,0.01
106,B,3,37.0,1.36,6.0,20.97,In,PIT,D180,TSP9+0.168m,0.01
107,B,3,38.0,2.79,12.0,35.20,In,PIT,D180,TSP11+0.198m,0.03
108,B,3,39.0,1.04,5.0,18.83,In,PIT,D180,TSP11+0.033m,0.01
109,B,3,40.0,1.09,6.0,19.49,In,PIT,D180,TSP4+0.296m,0.02
110,B,3,41.0,1.42,4.0,15.70,In,PIT,D180,TSP10+0.313m,0.02
111,B,3,44.0,1.91,9.0,26.80,In,PIT,D180,TSP1+0.423m,0.05
112,B,3,46.0,1.3,7.0,22.00,In,PIT,D180,TSP7+0.079m,0.03
113,B,3,49.0,0.93,6.0,19.99,In,PIT,D180,TSP1+0.341m,0.03
114,B,3,50.0,0.64,3.0,14.35,In,PIT,D180,TSP11+0.153m,0.02
115,B,3,53.0,1.34,8.0,24.84,In,PIT,D180,TSP9+0.318m,0.02
116,B,4,1.0,0.51,7.0,21.35,In,PIT,D180,TSP7+0.138m,0.02
117,B,4,3.0,0.88,4.0,13.50,In,PIT,D180,TSP9+0.299m,0.02
118,B,4,5.0,1.58,6.0,18.25,In,PIT,D180,TSP9+0.241m,0.02
119,B,4,6.0,0.67,6.0,17.71,In,PIT,D180,TSP8+0.072m,0.03
120,B,4,7.0,0.85,6.0,18.57,In,PIT,D180,TSP11+0.096m,0.03
121,B,4,11.0,0.92,7.0,20.39,In,PIT,D180,TSP5+0.044m,0.02
122,B,4,13.0,0.91,5.0,15.82,In,PIT,D180,TSP9+0.048m,0.02
123,B,4,14.0,0.74,5.0,16.40,In,PIT,D180,TSP2+0.302m,0.04
124,B,4,15.0,2.14,7.0,21.23,In,PIT,D180,TSP9+0.366m,0.02
125,B,4,18.0,0.89,7.0,21.14,In,PIT,D180,TSP7+0.115m,0.01
126,B,4,21.0,1.33,8.0,23.05,In,PIT,D180,TEO+0.178m,0.03
127,B,4,22.0,0.67,6.0,19.00,In,PIT,D180,TSP4+0.418m,0.01
128,B,4,23.0,1.17,6.0,18.59,In,PIT,D180,TSP10+0.258m,0.02
129,B,4,27.0,1.12,7.0,20.51,In,PIT,D180,TSP10+0.192m,0.02
130,B,4,28.0,0.97,4.0,14.33,In,PIT,D180,TSP2+0.348m,0.02
131,B,4,30.0,2.27,8.0,23.71,In,PIT,D180,TSP11+0.140m,0.02
132,B,4,33.0,3.02,3.0,14.59,In,PIT,D180,TSP10+0.219m,0.03
133,B,4,35.0,1.0,6.0,21.05,In,PIT,D180,TSP10+0.591m,0.01
134,B,4,36.0,0.82,8.0,25.19,In,PIT,D180,TSP9+0.233m,0.01
135,B,4,37.0,3.1,7.0,23.87,In,PIT,D180,TSP8+0.237m,0.02
136,B,4,38.0,0.74,8.0,24.61,In,PIT,D180,TSP10+0.134m,0.02
137,B,4,39.0,0.72,10.0,29.26,In,PIT,D180,TSP7+0.521m,0.02
138,B,4,41.0,0.85,4.0,16.56,In,PIT,D180,TSP4+0.204m,0.01
139,B,4,43.0,0.58,5.0,18.00,In,PIT,D180,TSP10+0.155m,0.02
140,B,4,44.0,1.57,5.0,19.30,In,PIT,D180,TSP11+0.061m,0.01
141,B,4,45.0,0.8,7.0,22.80,In,PIT,D180,TSP9+0.304m,0.01
142,B,4,46.0,1.07,7.0,23.69,In,PIT,D180,TSP10+0.028m,0.02
143,B,4,49.0,1.56,4.0,16.55,In,PIT,D180,TSP10+0.711m,0.02
144,B,4,50.0,1.27,5.0,19.33,In,PIT,D180,TSP8+0.448m,0.02
145,B,4,53.0,1.59,8.0,25.29,In,PIT,D180,TSP10+0.108m,0.02
146,B,4,54.0,0.64,6.0,20.54,In,PIT,D180,TSP9+0.548m,0.03
147,B,5,1.0,0.75,7.0,20.44,In,PIT,D180,TSP9+0.476m,0.02
148,B,5,2.0,3.18,12.0,32.47,In,PIT,D180,TEO+0.119m,0.03
149,B,5,3.0,0.51,6.0,18.33,In,PIT,D180,TSP2+0.387m,0.02
150,B,5,4.0,1.28,9.0,24.48,In,PIT,D180,TSP5+0.065m,0.03
151,B,5,5.0,1.02,7.0,20.51,In,PIT,D180,TSP9+0.423m,0.02
152,B,5,8.0,1.08,5.0,15.55,In,PIT,D180,TSP7+0.323m,0.03
153,B,5,9.0,0.92,5.0,14.86,In,PIT,D180,TEO+0.168m,0.01
154,B,5,10.0,1.05,8.0,23.26,In,PIT,D180,TSP4+0.033m,0.03
155,B,5,11.0,1.75,3.0,10.28,In,PIT,D180,TEO+0.165m,0.03
156,B,5,12.0,1.11,5.0,14.76,In,PIT,D180,TSP8+0.409m,0.04
157,B,5,14.0,0.9,5.0,15.03,In,PIT,D180,TSP7+0.142m,0.02
158,B,5,15.0,2.56,5.0,14.81,In,PIT,D180,TEO+0.146m,0.02
159,B,5,16.0,0.88,6.0,18.39,In,PIT,D180,TSP7+0.600m,0.02
160,B,5,17.0,1.44,7.0,19.79,In,PIT,D180,TEO+0.159m,0.03
161,B,5,18.0,0.88,5.0,15.21,In,PIT,D180,TSP11+0.271m,0.02
162,B,5,23.0,0.85,6.0,17.17,In,PIT,D180,TSP6+0.348m,0.03
163,B,5,25.0,1.23,5.0,16.65,In,PIT,D180,TSP7+0.271m,0.02
164,B,5,26.0,0.63,3.0,11.73,In,PIT,D180,TSP3+0.026m,0.02
165,B,5,27.0,0.75,5.0,16.52,In,PIT,D180,TSP10+0.219m,0.02
166,B,5,30.0,0.72,5.0,16.63,In,PIT,D180,TSP1+0.629m,0.04
167,B,5,32.0,1.64,6.0,20.45,In,PIT,D180,TSP9+0.355m,0.02
168,B,5,33.0,0.77,8.0,26.41,In,PIT,D180,TSP8+0.076m,0.02
169,B,5,34.0,1.39,3.0,14.28,In,PIT,D180,TSP3+0.600m,0.01
170,B,5,35.0,2.08,6.0,20.65,In,PIT,D180,TSP11+0.246m,0.01
171,B,5,36.0,1.09,4.0,15.69,In,PIT,D180,TSP9+0.372m,0.02
172,B,5,37.0,1.75,8.0,24.20,In,PIT,D180,TSP10+0.604m,0.04
173,B,5,38.0,1.09,9.0,27.07,In,PIT,D180,TSP9+0.367m,0.02
174,B,5,40.0,0.74,6.0,21.09,In,PIT,D180,TSP11+0.188m,0.02
175,B,5,41.0,1.8,4.0,15.17,In,PIT,D180,TSP10+0.672m,0.02
176,B,5,42.0,1.9,7.0,21.88,In,PIT,D180,TSP3+0.313m,0.01
177,B,5,43.0,0.8,5.0,18.40,In,PIT,D180,TSP11+0.449m,0.02
178,B,5,44.0,0.84,5.0,19.31,In,PIT,D180,TSP9+0.208m,0.02
179,B,5,45.0,0.97,7.0,22.45,In,PIT,D180,TSP6+0.369m,0.01
180,B,5,46.0,4.36,12.0,34.62,In,PIT,D180,TSP9+0.358m,0.03
181,B,5,47.0,1.41,4.0,16.03,In,PIT,D180,TSP3+0.256m,0.03
182,B,5,49.0,1.29,7.0,22.90,In,PIT,D180,TSP9+0.073m,0.01
183,B,5,50.0,0.79,6.0,20.57,In,PIT,D180,TSP7+0.089m,0.02
184,B,5,52.0,1.5,9.0,28.53,In,PIT,D180,TSP10+0.213m,0.02
185,B,6,1.0,0.49,5.0,16.99,In,PIT,D180,TSP2+0.397m,0.02
186,B,6,4.0,0.68,4.0,13.76,In,PIT,D180,TSP5+0.348m,0.03
187,B,6,7.0,0.9,6.0,18.16,In,PIT,D180,TSP5+0.126m,0.02
188,B,6,8.0,1.54,5.0,14.78,In,PIT,D180,TSP10+1.047m,0.03
189,B,6,10.0,0.65,4.0,14.16,In,PIT,D180,TEO+0.379m,0.02
190,B,6,12.0,0.69,5.0,16.16,In,PIT,D180,TSP3+0.234m,0.04
191,B,6,13.0,4.52,5.0,16.54,In,PIT,D180,TSP10+0.547m,0.05
192,B,6,14.0,2.96,7.0,21.33,In,PIT,D180,TSP10+0.582m,0.04
193,B,6,15.0,0.89,4.0,14.43,In,PIT,D180,TSP11+0.592m,0.03
194,B,6,16.0,0.92,4.0,14.47,In,PIT,D180,TEO+0.144m,0.02
195,B,6,17.0,0.84,5.0,15.25,In,PIT,D180,TSP11+0.658m,0.02
196,B,6,20.0,1.11,3.0,12.05,In,PIT,D180,TSP4+0.586m,0.02
197,B,6,22.0,1.1,3.0,11.48,In,PIT,D180,TSP10+0.382m,0.03
198,B,6,23.0,1.4,3.0,12.18,In,PIT,D180,TEO+0.117m,0.02
199,B,6,24.0,1.31,12.0,32.76,In,PIT,D180,TSP8+0.307m,0.05
200,B,6,25.0,0.87,6.0,18.25,In,PIT,D180,TSP2+0.387m,0.01
201,B,6,26.0,0.79,3.0,11.01,In,PIT,D180,TSP2+0.084m,0.02
202,B,6,28.0,1.62,8.0,22.59,In,PIT,D180,TSP2+0.436m,0.01
203,B,6,29.0,1.18,6.0,19.35,In,PIT,D180,TSP10+1.008m,0.03
204,B,6,31.0,1.16,7.0,21.76,In,PIT,D180,TSP10+0.220m,0.02
205,B,6,32.0,1.29,6.0,20.50,In,PIT,D180,TSP10+0.366m,0.04
206,B,6,33.0,1.64,3.0,14.24,In,PIT,D180,TSP9+0.418m,0.01
207,B,6,34.0,1.0,4.0,16.39,In,PIT,D180,TSP11+0.155m,0.01
208,B,6,35.0,1.48,6.0,21.16,In,PIT,D180,TSP9+0.042m,0.02
209,B,6,36.0,1.01,7.0,23.47,In,PIT,D180,TSP9+0.454m,0.02
210,B,6,37.0,1.34,7.0,23.46,In,PIT,D180,TSP8+0.276m,0.02
211,B,6,38.0,0.61,5.0,17.55,In,PIT,D180,TSP5+0.645m,0.02
212,B,6,39.0,1.92,11.0,33.01,In,PIT,D180,TSP4+0.399m,0.01
311,B,9,10.0,2.01,6.0,17.90,In,PIT,D180,TSP7+0.396m,0.01
312,B,9,11.0,1.03,7.0,20.94,In,PIT,D180,TSP6+0.287m,0.02
313,B,9,13.0,0.59,4.0,13.15,In,PIT,D180,TSP2+0.098m,0.01
314,B,9,14.0,0.81,7.0,19.79,In,PIT,D180,TSP7+0.066m,0.02
315,B,9,15.0,1.21,6.0,17.48,In,PIT,D180,TSP7+0.354m,0.01
316,B,9,16.0,1.29,5.0,16.86,In,PIT,D180,TSP9+0.164m,0.02
317,B,9,17.0,0.87,3.0,10.96,In,PIT,D180,TSP4+0.272m,0.02
318,B,9,19.0,1.13,7.0,19.64,In,PIT,D180,TSP8+0.202m,0.02
319,B,9,20.0,1.81,8.0,22.73,In,PIT,D180,TEO+0.185m,0.06
320,B,9,21.0,0.76,5.0,15.09,In,PIT,D180,TSP2+0.451m,0.02
321,B,9,23.0,2.46,3.0,11.50,In,PIT,D180,TSP3+0.041m,0.03
322,B,9,25.0,0.52,7.0,20.53,In,PIT,D180,TSP11+0.268m,0.01
323,B,9,27.0,1.53,5.0,16.35,In,PIT,D180,TSP11+0.204m,0.02
324,B,9,29.0,1.37,6.0,19.23,In,PIT,D180,TSP9+0.371m,0.03
213,B,6,40.0,0.98,4.0,14.96,In,PIT,D180,TSP8+0.508m,0.02
214,B,6,41.0,1.98,3.0,13.47,In,PIT,D180,TSP10+0.367m,0.05
215,B,6,42.0,1.44,3.0,14.23,In,PIT,D180,TSP10+0.194m,0.02
216,B,6,43.0,0.96,6.0,20.74,In,PIT,D180,TSP10+0.797m,0.03
217,B,6,45.0,1.71,2.0,11.34,In,PIT,D180,TSP10+0.781m,0.03
218,B,6,46.0,1.26,6.0,20.60,In,PIT,D180,TSP10+0.564m,0.02
219,B,6,47.0,0.5,6.0,21.52,In,PIT,D180,TSP4+0.133m,0.02
220,B,6,49.0,1.83,8.0,24.84,In,PIT,D180,TSP6+0.189m,0.05
221,B,6,50.0,1.08,10.0,29.13,In,PIT,D180,TSP11+0.149m,0.02
222,B,6,51.0,0.55,7.0,22.45,In,PIT,D180,TSP7+0.411m,0.02
223,B,6,52.0,3.12,6.0,19.43,In,PIT,D180,TSP11+0.338m,0.03
224,B,6,53.0,3.77,16.0,43.16,In,PIT,D180,TSP10+0.274m,0.02
225,B,6,54.0,1.23,6.0,20.50,In,PIT,D180,TSP10+0.226m,0.02
226,B,7,1.0,1.06,7.0,20.64,In,PIT,D180,TSP8+0.331m,0.04
227,B,7,4.0,0.87,4.0,14.51,In,PIT,D180,TSP6+0.591m,0.02
228,B,7,7.0,1.06,6.0,19.05,In,PIT,D180,TSP2+0.318m,0.02
229,B,7,8.0,0.95,3.0,11.02,In,PIT,D180,TSP8+0.451m,0.02
230,B,7,9.0,0.97,6.0,17.84,In,PIT,D180,TSP9+0.214m,0.02
231,B,7,10.0,0.78,6.0,19.31,In,PIT,D180,TSP6+0.436m,0.02
232,B,7,11.0,1.36,8.0,22.74,In,PIT,D180,TSP5+0.256m,0.01
233,B,7,12.0,1.07,6.0,18.72,In,PIT,D180,TSP10+0.492m,0.02
234,B,7,13.0,0.78,13.0,35.96,In,PIT,D180,TSP8+0.654m,0.01
235,B,7,18.0,1.67,6.0,17.23,In,PIT,D180,TSP9+0.441m,0.01
236,B,7,19.0,1.47,4.0,12.71,In,PIT,D180,TEO+0.156m,0.03
237,B,7,23.0,1.92,4.0,14.60,In,PIT,D180,TSP6+0.508m,0.02
238,B,7,24.0,1.4,5.0,15.34,In,PIT,D180,TSP5+0.061m,0.04
239,B,7,25.0,0.61,7.0,21.81,In,PIT,D180,TSP3+0.294m,0.02
240,B,7,27.0,0.59,5.0,15.41,In,PIT,D180,TSP10+0.623m,0.03
241,B,7,28.0,1.19,5.0,16.30,In,PIT,D180,TSP3+0.422m,0.03
242,B,7,29.0,1.18,5.0,14.71,In,PIT,D180,TSP8+0.528m,0.02
243,B,7,30.0,1.07,4.0,13.11,In,PIT,D180,TSP10+0.432m,0.03
244,B,7,31.0,1.51,4.0,15.59,In,PIT,D180,TSP8+0.181m,0.03
245,B,7,33.0,1.22,8.0,24.23,In,PIT,D180,TSP10+0.161m,0.04
246,B,7,34.0,2.0,6.0,20.35,In,PIT,D180,TSP10+0.688m,0.06
247,B,7,36.0,0.77,2.0,11.83,In,PIT,D180,TSP11+0.093m,0.03
248,B,7,38.0,0.74,2.0,10.74,In,PIT,D180,TSP2+0.202m,0.02
249,B,7,39.0,0.73,2.0,11.30,In,PIT,D180,TSP10+0.328m,0.02
250,B,7,41.0,2.16,7.0,21.90,In,PIT,D180,TSP10+0.396m,0.03
251,B,7,43.0,1.19,7.0,22.46,In,PIT,D180,TSP9+0.343m,0.03
252,B,7,45.0,0.98,7.0,23.64,In,PIT,D180,TSP9+0.082m,0.01
253,B,7,46.0,4.72,13.0,36.79,In,PIT,D180,TSP10+0.351m,0.06
254,B,7,48.0,1.25,7.0,22.73,In,PIT,D180,TSP10+0.857m,0.02
255,B,7,49.0,1.54,5.0,19.36,In,PIT,D180,TSP10+0.576m,0.05
256,B,7,50.0,0.97,8.0,24.31,In,PIT,D180,TSP2+0.412m,0.03
257,B,7,51.0,1.14,5.0,17.57,In,PIT,D180,TSP10+0.588m,0.03
258,B,7,52.0,1.14,5.0,18.58,In,PIT,D180,TSP10+0.342m,0.03
259,B,7,53.0,1.25,3.0,12.72,In,PIT,D180,TSP6+0.461m,0.03
260,B,7,54.0,1.15,3.0,12.91,In,PIT,D180,TSP11+0.133m,0.03
261,B,7,55.0,1.61,3.0,13.68,In,PIT,D180,TSP10+0.319m,0.01
262,B,8,1.0,0.83,3.0,12.22,In,PIT,D180,TSP2+0.359m,0.02
263,B,8,4.0,0.75,7.0,20.78,In,PIT,D180,TSP6+0.398m,0.03
264,B,8,5.0,1.09,3.0,11.27,In,PIT,D180,TSP10+0.315m,0.03
265,B,8,6.0,0.58,6.0,18.57,In,PIT,D180,TSP7+0.099m,0.02
266,B,8,9.0,1.27,6.0,18.49,In,PIT,D180,TSP10+0.349m,0.03
267,B,8,10.0,1.07,6.0,18.15,In,PIT,D180,TSP7+0.125m,0.02
268,B,8,13.0,2.36,9.0,24.96,In,PIT,D180,TSP1+0.100m,0.03
269,B,8,14.0,0.94,5.0,16.39,In,PIT,D180,TSP9+0.273m,0.02
270,B,8,15.0,0.84,4.0,12.80,In,PIT,D180,TSP5+0.287m,0.03
271,B,8,16.0,0.9,5.0,14.72,In,PIT,D180,TSP10+0.577m,0.06
272,B,8,17.0,2.64,4.0,13.58,In,PIT,D180,TSP5+0.077m,0.02
273,B,8,19.0,0.77,7.0,21.54,In,PIT,D180,TSP7+0.441m,0.01
274,B,8,20.0,0.69,3.0,10.32,In,PIT,D180,TSP9+0.287m,0.02
275,B,8,21.0,0.98,5.0,15.79,In,PIT,D180,TSP10+0.314m,0.08
276,B,8,23.0,1.31,4.0,12.53,In,PIT,D180,TSP6+0.221m,0.03
277,B,8,24.0,0.64,7.0,19.87,In,PIT,D180,TSP4+0.286m,0.01
278,B,8,25.0,0.66,4.0,13.92,In,PIT,D180,TSP6+0.462m,0.03
279,B,8,26.0,0.75,4.0,13.45,In,PIT,D180,TSP3+0.098m,0.02
280,B,8,27.0,1.09,3.0,12.16,In,PIT,D180,TSP6+0.038m,0.03
281,B,8,28.0,1.22,6.0,18.77,In,PIT,D180,TSP9+0.368m,0.03
282,B,8,29.0,0.89,5.0,15.65,In,PIT,D180,TSP3+0.240m,0.02
283,B,8,31.0,1.01,8.0,25.56,In,PIT,D180,TSP9+0.186m,0.02
284,B,8,32.0,1.31,7.0,22.08,In,PIT,D180,TSP9+0.147m,0.02
285,B,8,33.0,1.12,7.0,22.09,In,PIT,D180,TSP10+0.506m,0.04
286,B,8,34.0,1.75,10.0,30.55,In,PIT,D180,TSP4+0.420m,0.02
287,B,8,35.0,0.79,5.0,17.33,In,PIT,D180,TSP10+0.194m,0.02
288,B,8,36.0,1.14,2.0,12.36,In,PIT,D180,TSP4+0.180m,0.03
289,B,8,37.0,1.23,4.0,16.02,In,PIT,D180,TSP1+0.230m,0.03
290,B,8,38.0,0.86,3.0,14.60,In,PIT,D180,TSP10+0.091m,0.02
291,B,8,39.0,0.59,7.0,22.19,In,PIT,D180,TSP6+0.231m,0.01
292,B,8,40.0,1.11,3.0,14.40,In,PIT,D180,TSP9+0.402m,0.03
293,B,8,41.0,1.19,9.0,27.84,In,PIT,D180,TSP10+0.107m,0.03
294,B,8,43.0,1.06,8.0,24.23,In,PIT,D180,TSP9+0.356m,0.03
295,B,8,44.0,1.01,3.0,13.77,In,PIT,D180,TSP1+0.174m,0.03
296,B,8,45.0,1.05,9.0,27.89,In,PIT,D180,TSP7+0.304m,0.03
297,B,8,47.0,1.91,7.0,23.57,In,PIT,D180,TSP9+0.307m,0.01
298,B,8,48.0,1.01,2.0,11.25,In,PIT,D180,TSP10+0.724m,0.01
299,B,8,49.0,0.84,5.0,18.27,In,PIT,D180,TSP4+0.136m,0.02
300,B,8,50.0,1.78,7.0,23.18,In,PIT,D180,TSP10+0.118m,0.04
301,B,8,51.0,0.69,6.0,21.44,In,PIT,D180,TSP10+0.113m,0.02
302,B,8,52.0,2.28,10.0,30.00,In,PIT,D180,TSP10+0.146m,0.03
303,B,8,54.0,1.9,6.0,20.14,In,PIT,D180,TSP10+0.413m,0.04
304,B,8,56.0,2.25,6.0,20.23,In,PIT,D180,TSP11+0.520m,0.05
305,B,9,1.0,0.47,12.0,33.19,In,PIT,D180,TSP7+0.148m,0.01
306,B,9,2.0,0.5,5.0,15.78,In,PIT,D180,TSP9+0.168m,0.02
307,B,9,3.0,0.83,3.0,11.66,In,PIT,D180,TSP5+0.669m,0.02
308,B,9,6.0,0.97,3.0,10.34,In,PIT,D180,TSP8+0.568m,0.02
309,B,9,7.0,1.25,6.0,17.55,In,PIT,D180,TSP8+0.619m,0.01
310,B,9,8.0,1.27,8.0,22.09,In,PIT,D180,TSP3+0.207m,0.02
325,B,9,30.0,0.98,8.0,22.44,In,PIT,D180,TSP9+0.129m,0.02
326,B,9,31.0,1.44,3.0,13.61,In,PIT,D180,TSP10+0.431m,0.03
327,B,9,32.0,1.2,4.0,16.36,In,PIT,D180,TSP10+0.253m,0.02
328,B,9,33.0,1.71,11.0,32.70,In,PIT,D180,TSP10+0.599m,0.07
329,B,9,34.0,1.41,6.0,20.37,In,PIT,D180,TSP10+0.433m,0.04
330,B,9,35.0,0.73,5.0,19.05,In,PIT,D180,TSP5+0.051m,0.02
331,B,9,37.0,4.28,12.0,34.81,In,PIT,D180,TSP10+0.119m,0.03
332,B,9,38.0,1.11,8.0,24.64,In,PIT,D180,TSP10+0.175m,0.02
333,B,9,40.0,0.91,7.0,23.55,In,PIT,D180,TSP4+0.196m,0.03
334,B,9,41.0,1.27,2.0,11.08,In,PIT,D180,TSP10+0.487m,0.04
335,B,9,42.0,0.97,7.0,23.22,In,PIT,D180,TSP5+0.298m,0.02
336,B,9,45.0,2.21,11.0,31.41,In,PIT,D180,TSP8+0.617m,0.02
337,B,9,46.0,1.69,3.0,12.66,In,PIT,D180,TSP11+0.075m,0.02
338,B,9,47.0,1.1,2.0,11.78,In,PIT,D180,TSP11+0.088m,0.02
339,B,9,48.0,0.74,7.0,23.84,In,PIT,D180,TSP2+0.032m,0.02
340,B,9,50.0,0.81,3.0,13.65,In,PIT,D180,TEO+0.319m,0.03
341,B,9,51.0,1.53,8.0,24.82,In,PIT,D180,TSP10+0.895m,0.04
342,B,9,52.0,1.75,7.0,22.77,In,PIT,D180,TSP7+0.388m,0.04
343,B,9,53.0,1.62,7.0,23.84,In,PIT,D180,TSP10+0.171m,0.01
344,B,9,54.0,2.27,8.0,26.20,In,PIT,D180,TSP10+0.057m,0.02
345,B,10,4.0,0.7,7.0,19.84,In,PIT,D180,TSP9+0.308m,0.02
346,B,10,7.0,1.25,9.0,25.79,In,PIT,D180,TSP10+0.877m,0.03
347,B,10,8.0,1.24,4.0,12.54,In,PIT,D180,TSP9+0.269m,0.02
348,B,10,9.0,0.76,4.0,13.27,In,PIT,D180,TSP8+0.074m,0.01
349,B,10,10.0,1.43,4.0,13.12,In,PIT,D180,TEO+0.118m,0.02
350,B,10,11.0,1.16,3.0,12.29,In,PIT,D180,TSP1+0.351m,0.03
351,B,10,13.0,0.79,4.0,13.19,In,PIT,D180,TSP4+0.429m,0.02
352,B,10,15.0,0.93,4.0,13.97,In,PIT,D180,TSP10+0.263m,0.02
353,B,10,17.0,0.75,6.0,17.38,In,PIT,D180,TSP6+0.097m,0.04
354,B,10,19.0,0.87,7.0,19.64,In,PIT,D180,TSP10+0.332m,0.05
355,B,10,20.0,0.93,5.0,15.86,In,PIT,D180,TSP8+0.624m,0.01
356,B,10,21.0,1.09,6.0,17.50,In,PIT,D180,TSP6+0.155m,0.02
357,B,10,22.0,0.72,4.0,14.06,In,PIT,D180,TSP6+0.234m,0.02
358,B,10,26.0,1.59,3.0,12.10,In,PIT,D180,TSP10+0.549m,0.08
359,B,10,29.0,1.08,4.0,13.27,In,PIT,D180,TSP9+0.049m,0.02
360,B,10,30.0,0.86,8.0,23.56,In,PIT,D180,TSP5+0.323m,0.01
361,B,10,31.0,1.04,7.0,22.55,In,PIT,D180,TSP10+0.094m,0.04
362,B,10,32.0,1.8,5.0,18.72,In,PIT,D180,TSP10+0.581m,0.02
363,B,10,33.0,0.94,9.0,26.88,In,PIT,D180,TSP10+0.656m,0.03
364,B,10,34.0,2.78,6.0,19.89,In,PIT,D180,TSP10+0.327m,0.04
365,B,10,35.0,1.06,3.0,14.15,In,PIT,D180,TSP10+0.047m,0.02
366,B,10,36.0,0.82,2.0,11.18,In,PIT,D180,TSP9+0.283m,0.02
367,B,10,37.0,0.59,7.0,22.26,In,PIT,D180,TSP9+0.354m,0.02
368,B,10,38.0,1.13,7.0,23.63,In,PIT,D180,TSP10+0.501m,0.03
369,B,10,40.0,1.02,7.0,23.17,In,PIT,D180,TSP10+0.843m,0.04
370,B,10,41.0,2.35,2.0,11.55,In,PIT,D180,TSP8+0.433m,0.04
371,B,10,44.0,1.06,5.0,17.60,In,PIT,D180,TSP10+0.385m,0.02
372,B,10,45.0,1.05,5.0,17.21,In,PIT,D180,TSP9+0.301m,0.01
373,B,10,46.0,1.04,8.0,25.74,In,PIT,D180,TSP2+0.179m,0.02
374,B,10,47.0,1.68,6.0,21.25,In,PIT,D180,TSP9+0.209m,0.06
375,B,10,48.0,0.98,6.0,21.74,In,PIT,D180,TSP9+0.046m,0.01
376,B,10,51.0,2.11,6.0,21.02,In,PIT,D180,TSP10+0.268m,0.01
377,B,10,54.0,1.06,7.0,22.42,In,PIT,D180,TSP10+0.188m,0.02
378,B,10,55.0,1.41,5.0,18.37,In,PIT,D180,TSP10+0.068m,0.03
379,B,10,56.0,3.8,20.0,52.81,In,PIT,D180,TSP10+0.477m,0.03
380,B,11,2.0,0.72,3.0,12.09,In,PIT,D180,TSP11+0.493m,0.02
381,B,11,4.0,2.48,8.0,22.14,In,PIT,D180,TSP10+0.677m,0.04
382,B,11,5.0,0.97,9.0,24.69,In,PIT,D180,TSP6+0.294m,0.01
383,B,11,6.0,1.12,5.0,15.00,In,PIT,D180,TSP7+0.114m,0.01
384,B,11,7.0,0.96,8.0,23.71,In,PIT,D180,TSP2+0.365m,0.01
385,B,11,10.0,1.07,4.0,13.62,In,PIT,D180,TSP10+0.245m,0.03
386,B,11,11.0,1.05,7.0,19.55,In,PIT,D180,TSP3+0.512m,0.03
387,B,11,12.0,1.07,6.0,18.62,In,PIT,D180,TSP4+0.378m,0.02
388,B,11,14.0,1.06,8.0,22.43,In,PIT,D180,TSP10+0.996m,0.02
389,B,11,19.0,5.17,11.0,30.42,In,PIT,D180,TSP8+0.583m,0.02
390,B,11,21.0,0.71,5.0,15.84,In,PIT,D180,TSP10+0.263m,0.02
391,B,11,22.0,1.56,6.0,18.12,In,PIT,D180,TSP10+0.096m,0.02
392,B,11,25.0,1.0,8.0,23.53,In,PIT,D180,TSP6+0.410m,0.03
393,B,11,26.0,0.58,3.0,10.11,In,PIT,D180,TSP4+0.096m,0.02
394,B,11,27.0,0.82,3.0,11.26,In,PIT,D180,TSP11+0.039m,0.01
395,B,11,30.0,0.92,8.0,24.19,In,PIT,D180,TSP9+0.317m,0.03
396,B,11,31.0,1.57,6.0,20.17,In,PIT,D180,TSP10+0.091m,0.02
397,B,11,32.0,1.73,5.0,17.42,In,PIT,D180,TSP9+0.332m,0.02
398,B,11,33.0,1.55,7.0,23.35,In,PIT,D180,TSP8+0.211m,0.02
399,B,11,34.0,1.28,6.0,21.41,In,PIT,D180,TSP9+0.124m,0.01
400,B,11,35.0,0.81,3.0,12.93,In,PIT,D180,TSP10+0.181m,0.01
401,B,11,36.0,1.8,6.0,20.33,In,PIT,D180,TSP10+0.325m,0.03
402,B,11,37.0,1.61,2.0,11.08,In,PIT,D180,TSP10+0.294m,0.03
403,B,11,39.0,2.48,8.0,25.24,In,PIT,D180,TSP9+0.414m,0.04
404,B,11,40.0,1.21,6.0,19.72,In,PIT,D180,TSP9+0.129m,0.03
405,B,11,41.0,0.85,4.0,16.35,In,PIT,D180,TSP6+0.404m,0.03
406,B,11,42.0,1.13,2.0,10.20,In,PIT,D180,TSP10+0.307m,0.03
407,B,11,43.0,1.91,15.0,42.27,In,PIT,D180,TSP10+1.023m,0.02
408,B,11,44.0,0.73,6.0,21.61,In,PIT,D180,TSP9+0.280m,0.02
409,B,11,45.0,1.87,8.0,25.00,In,PIT,D180,TSP9+0.189m,0.01
410,B,11,46.0,0.81,4.0,15.29,In,PIT,D180,TSP4+0.196m,0.01
411,B,11,47.0,1.13,4.0,16.96,In,PIT,D180,TSP9+0.244m,0.01
412,B,11,48.0,0.81,5.0,17.10,In,PIT,D180,TSP5+0.353m,0.02
413,B,11,50.0,0.68,6.0,21.21,In,PIT,D180,TSP10+0.325m,0.03
414,B,11,51.0,0.91,7.0,21.93,In,PIT,D180,TSP9+0.339m,0.01
415,B,11,52.0,1.18,6.0,20.15,In,PIT,D180,TSP9+0.216m,0.02
416,B,11,53.0,0.87,9.0,26.78,In,PIT,D180,TSP9+0.095m,0.03
417,B,12,1.0,0.76,6.0,17.53,In,PIT,D180,TSP5+0.207m,0.03
418,B,12,3.0,0.84,7.0,20.32,In,PIT,D180,TSP9+0.332m,0.01
419,B,12,4.0,0.83,6.0,17.26,In,PIT,D180,TSP6+0.277m,0.04
420,B,12,5.0,1.11,7.0,21.12,In,PIT,D180,TSP10+0.141m,0.02
421,B,12,6.0,0.7,4.0,14.34,In,PIT,D180,TSP1+0.123m,0.02
422,B,12,7.0,0.85,4.0,14.61,In,PIT,D180,TSP10+0.253m,0.04
423,B,12,8.0,0.77,5.0,15.69,In,PIT,D180,TSP10+0.691m,0.03
424,B,12,9.0,0.8,4.0,12.39,In,PIT,D180,TSP8+0.577m,0.02
425,B,12,10.0,1.15,7.0,20.48,In,PIT,D180,TSP8+0.618m,0.02
426,B,12,11.0,0.99,6.0,17.20,In,PIT,D180,TSP8+0.327m,0.01
427,B,12,12.0,1.25,5.0,15.30,In,PIT,D180,TSP4+0.038m,0.02
428,B,12,13.0,0.9,4.0,12.83,In,PIT,D180,TSP10+0.226m,0.02
429,B,12,16.0,1.49,6.0,17.31,In,PIT,D180,TSP6+0.483m,0.02
430,B,12,17.0,0.7,5.0,15.27,In,PIT,D180,TSP10+0.905m,0.02
431,B,12,19.0,0.92,8.0,24.01,In,PIT,D180,TSP10+0.301m,0.07
432,B,12,20.0,1.29,7.0,19.66,In,PIT,D180,TSP1+0.354m,0.04
433,B,12,21.0,1.51,6.0,17.13,In,PIT,D180,TSP10+0.983m,0.03
434,B,12,22.0,0.84,4.0,14.32,In,PIT,D180,TSP6+0.185m,0.03
435,B,12,23.0,1.96,8.0,22.70,In,PIT,D180,TSP3+0.151m,0.02
436,B,12,27.0,1.77,7.0,21.83,In,PIT,D180,TSP5+0.319m,0.02
535,B,14,43.0,1.44,8.0,24.13,In,PIT,D180,TSP8+0.149m,0.03
536,B,14,44.0,0.84,5.0,18.47,In,PIT,D180,TSP10+0.059m,0.02
537,B,14,45.0,0.54,4.0,15.46,In,PIT,D180,TSP10+0.176m,0.02
538,B,14,46.0,0.72,2.0,11.96,In,PIT,D180,TSP3+0.347m,0.03
539,B,14,48.0,1.44,10.0,29.97,In,PIT,D180,TSP9+0.327m,0.02
540,B,14,51.0,1.1,9.0,27.39,In,PIT,D180,TSP8+0.485m,0.03
541,B,14,52.0,2.23,4.0,15.45,In,PIT,D180,TSP10+0.104m,0.02
542,B,14,53.0,1.3,6.0,21.46,In,PIT,D180,TEO+0.545m,0.02
543,B,14,54.0,2.07,8.0,24.36,In,PIT,D180,TSP9+0.261m,0.02
544,B,14,55.0,0.89,3.0,13.30,In,PIT,D180,TSP9+0.166m,0.02
545,B,14,56.0,0.52,8.0,25.25,In,PIT,D180,TSP9+0.231m,0.02
546,B,15,1.0,1.58,7.0,19.56,In,PIT,D180,TSP2+0.216m,0.02
547,B,15,2.0,0.62,5.0,15.81,In,PIT,D180,TSP11+0.671m,0.04
548,B,15,5.0,1.21,6.0,18.75,In,PIT,D180,TSP10+0.322m,0.02
437,B,12,28.0,1.17,5.0,14.99,In,PIT,D180,TSP3+0.287m,0.02
438,B,12,30.0,0.88,4.0,12.77,In,PIT,D180,TSP11+0.318m,0.05
439,B,12,31.0,1.81,7.0,22.01,In,PIT,D180,TSP10+0.212m,0.02
440,B,12,32.0,0.88,6.0,20.37,In,PIT,D180,TSP10+0.088m,0.04
441,B,12,33.0,1.24,5.0,18.34,In,PIT,D180,TSP9+0.260m,0.04
442,B,12,36.0,1.25,6.0,20.33,In,PIT,D180,TSP10+0.744m,0.04
443,B,12,37.0,1.6,7.0,22.09,In,PIT,D180,TSP10+0.488m,0.06
444,B,12,38.0,1.84,8.0,25.87,In,PIT,D180,TSP10+0.108m,0.02
445,B,12,39.0,0.97,8.0,25.04,In,PIT,D180,TSP9+0.026m,0.01
446,B,12,41.0,1.38,3.0,13.17,In,PIT,D180,TSP10+0.253m,0.06
447,B,12,43.0,0.82,5.0,17.59,In,PIT,D180,TSP1+0.082m,0.04
448,B,12,44.0,2.06,9.0,27.10,In,PIT,D180,TSP10+0.191m,0.02
449,B,12,45.0,0.84,2.0,11.85,In,PIT,D180,TSP5+0.116m,0.03
450,B,12,46.0,1.14,8.0,25.37,In,PIT,D180,TSP4+0.024m,0.02
451,B,12,47.0,1.38,5.0,18.58,In,PIT,D180,TSP2+0.346m,0.04
452,B,12,48.0,1.36,5.0,17.22,In,PIT,D180,TSP3+0.332m,0.03
453,B,12,50.0,1.32,2.0,11.37,In,PIT,D180,TSP10+0.996m,0.03
454,B,12,51.0,1.47,3.0,13.03,In,PIT,D180,TSP10+0.426m,0.07
455,B,12,52.0,0.95,4.0,16.89,In,PIT,D180,TSP6+0.224m,0.02
456,B,12,54.0,0.55,6.0,21.03,In,PIT,D180,TSP7+0.140m,0.03
457,B,12,55.0,2.5,21.0,56.46,In,PIT,D180,TSP11+0.219m,0.02
458,B,12,56.0,1.61,4.0,16.46,In,PIT,D180,TSP8+0.175m,0.02
459,B,13,3.0,0.99,3.0,11.72,In,PIT,D180,TSP9+0.390m,0.02
460,B,13,5.0,0.84,5.0,15.87,In,PIT,D180,TSP11+0.531m,0.03
461,B,13,6.0,0.84,4.0,14.61,In,PIT,D180,TSP10+0.091m,0.02
462,B,13,7.0,1.45,4.0,14.58,In,PIT,D180,TSP8+0.629m,0.03
463,B,13,8.0,0.93,6.0,18.52,In,PIT,D180,TSP9+0.348m,0.02
464,B,13,9.0,1.38,6.0,18.47,In,PIT,D180,TSP9+0.309m,0.02
465,B,13,10.0,0.88,6.0,17.17,In,PIT,D180,TSP9+0.251m,0.01
466,B,13,11.0,1.18,3.0,11.67,In,PIT,D180,TSP10+0.696m,0.03
467,B,13,12.0,0.59,3.0,11.11,In,PIT,D180,TSP9+0.441m,0.01
468,B,13,13.0,1.08,7.0,21.85,In,PIT,D180,TSP11+0.070m,0.02
469,B,13,14.0,1.48,7.0,19.60,In,PIT,D180,TEO+0.138m,0.02
470,B,13,15.0,1.06,6.0,18.37,In,PIT,D180,TSP8+0.541m,0.02
471,B,13,16.0,0.6,6.0,17.36,In,PIT,D180,TSP11+0.392m,0.02
472,B,13,19.0,0.82,5.0,15.89,In,PIT,D180,TSP8+0.449m,0.02
473,B,13,20.0,0.85,5.0,16.99,In,PIT,D180,TSP9+0.169m,0.02
474,B,13,23.0,1.49,8.0,23.94,In,PIT,D180,TSP10+0.543m,0.02
475,B,13,25.0,1.22,7.0,19.99,In,PIT,D180,TSP2+0.144m,0.02
476,B,13,26.0,1.15,3.0,10.26,In,PIT,D180,TSP3+0.046m,0.02
477,B,13,27.0,1.36,4.0,12.89,In,PIT,D180,TSP11+0.068m,0.02
478,B,13,31.0,1.36,9.0,27.43,In,PIT,D180,TSP6+0.224m,0.02
479,B,13,32.0,1.21,3.0,13.69,In,PIT,D180,TSP9+0.197m,0.01
480,B,13,33.0,1.52,4.0,16.24,In,PIT,D180,TSP6+0.109m,0.01
481,B,13,34.0,2.01,7.0,23.80,In,PIT,D180,TSP10+0.114m,0.02
482,B,13,35.0,0.83,6.0,21.43,In,PIT,D180,TSP10+0.134m,0.02
483,B,13,36.0,0.84,8.0,24.57,In,PIT,D180,TSP8+0.434m,0.01
484,B,13,37.0,1.12,8.0,24.12,In,PIT,D180,TSP9+0.265m,0.03
485,B,13,38.0,1.75,6.0,21.24,In,PIT,D180,TSP9+0.367m,0.03
486,B,13,39.0,1.08,4.0,16.04,In,PIT,D180,TSP9+0.049m,0.02
487,B,13,40.0,1.12,4.0,14.85,In,PIT,D180,TSP10+0.451m,0.07
488,B,13,41.0,1.21,6.0,21.16,In,PIT,D180,TSP10+0.031m,0.02
489,B,13,42.0,1.62,10.0,29.00,In,PIT,D180,TSP8+0.431m,0.07
490,B,13,43.0,1.18,7.0,23.34,In,PIT,D180,TSP9+0.243m,0.01
491,B,13,44.0,2.19,6.0,19.78,In,PIT,D180,TSP11+0.060m,0.02
492,B,13,45.0,0.75,7.0,23.42,In,PIT,D180,TSP7+0.047m,0.02
493,B,13,47.0,2.4,17.0,45.18,In,PIT,D180,TSP9+0.212m,0.02
494,B,13,49.0,0.91,3.0,13.69,In,PIT,D180,TEO+0.206m,0.02
495,B,13,53.0,1.68,7.0,21.83,In,PIT,D180,TSP6+0.202m,0.03
496,B,13,54.0,1.54,2.0,11.88,In,PIT,D180,TSP9+0.318m,0.03
497,B,13,55.0,0.67,6.0,19.74,In,PIT,D180,TSP8+0.173m,0.04
498,B,13,56.0,0.92,4.0,16.60,In,PIT,D180,TSP10+0.321m,0.03
499,B,13,57.0,0.65,6.0,19.55,In,PIT,D180,TSP10+0.677m,0.01
500,B,14,1.0,0.97,7.0,20.59,In,PIT,D180,TSP5+0.277m,0.02
501,B,14,2.0,2.93,6.0,19.31,In,PIT,D180,TSP10+0.042m,0.01
502,B,14,3.0,0.86,6.0,17.27,In,PIT,D180,TSP10+0.381m,0.01
503,B,14,4.0,0.64,6.0,17.72,In,PIT,D180,TSP7+0.211m,0.01
504,B,14,5.0,0.54,5.0,16.07,In,PIT,D180,TSP6+0.507m,0.04
505,B,14,6.0,0.95,6.0,18.23,In,PIT,D180,TSP6+0.554m,0.01
506,B,14,7.0,0.7,7.0,20.09,In,PIT,D180,TSP10+0.219m,0.02
507,B,14,8.0,1.06,3.0,10.69,In,PIT,D180,TSP10+0.743m,0.03
508,B,14,12.0,0.81,3.0,10.32,In,PIT,D180,TSP7+0.297m,0.02
509,B,14,13.0,0.86,5.0,16.66,In,PIT,D180,TSP10+0.603m,0.03
510,B,14,14.0,1.16,7.0,20.84,In,PIT,D180,TSP7+0.271m,0.02
511,B,14,17.0,0.82,3.0,11.24,In,PIT,D180,TSP11+0.105m,0.03
512,B,14,18.0,0.77,6.0,17.14,In,PIT,D180,TSP7+0.257m,0.02
513,B,14,19.0,1.85,6.0,18.27,In,PIT,D180,TEO+0.169m,0.03
514,B,14,20.0,0.79,4.0,12.30,In,PIT,D180,TSP8+0.391m,0.03
515,B,14,21.0,1.1,7.0,21.31,In,PIT,D180,TSP4+0.181m,0.02
516,B,14,23.0,0.96,6.0,18.86,In,PIT,D180,TEO+0.220m,0.02
517,B,14,25.0,0.67,5.0,16.06,In,PIT,D180,TSP10+0.336m,0.07
518,B,14,26.0,0.73,6.0,17.40,In,PIT,D180,TSP2+0.355m,0.02
519,B,14,27.0,1.94,9.0,25.35,In,PIT,D180,TSP10+0.366m,0.05
520,B,14,28.0,1.38,7.0,21.13,In,PIT,D180,TSP5+0.541m,0.04
521,B,14,29.0,1.03,4.0,13.09,In,PIT,D180,TSP5+0.471m,0.03
522,B,14,30.0,2.85,4.0,13.10,In,PIT,D180,TSP7+0.028m,0.01
523,B,14,31.0,0.88,10.0,30.84,In,PIT,D180,TSP10+0.021m,0.01
524,B,14,32.0,0.87,7.0,22.94,In,PIT,D180,TSP8+0.281m,0.02
525,B,14,33.0,1.21,10.0,29.10,In,PIT,D180,TSP9+0.117m,0.02
526,B,14,34.0,2.76,15.0,31.97,In,PIT,MIX1,TSP7+0.414m,0.02
527,B,14,35.0,0.53,8.0,25.99,In,PIT,D180,TSP10+0.072m,0.02
528,B,14,36.0,0.59,6.0,20.46,In,PIT,D180,TSP10+0.153m,0.01
529,B,14,37.0,1.02,8.0,25.26,In,PIT,D180,TSP5+0.109m,0.02
530,B,14,38.0,0.58,4.0,16.97,In,PIT,D180,TSP10+0.602m,0.02
531,B,14,39.0,0.85,6.0,20.39,In,PIT,D180,TSP10+0.093m,0.03
532,B,14,40.0,1.45,7.0,22.76,In,PIT,D180,TSP7+0.101m,0.03
533,B,14,41.0,0.71,2.0,11.67,In,PIT,D180,TSP2+0.118m,0.02
534,B,14,42.0,0.81,6.0,20.59,In,PIT,D180,TSP10+0.399m,0.05
549,B,15,7.0,1.51,3.0,11.64,In,PIT,D180,TSP10+0.403m,0.02
550,B,15,10.0,0.68,5.0,16.18,In,PIT,D180,TSP11+0.052m,0.01
551,B,15,11.0,1.08,7.0,21.77,In,PIT,D180,TSP9+0.595m,0.03
552,B,15,14.0,0.81,4.0,12.66,In,PIT,D180,TSP3+0.112m,0.01
553,B,15,15.0,1.26,5.0,15.23,In,PIT,D180,TSP6+0.384m,0.02
554,B,15,17.0,1.04,4.0,12.73,In,PIT,D180,TSP8+0.337m,0.03
555,B,15,18.0,1.43,5.0,16.99,In,PIT,D180,TSP4+0.207m,0.04
556,B,15,19.0,1.74,4.0,13.96,In,PIT,D180,TSP7+0.388m,0.01
557,B,15,20.0,1.0,4.0,12.95,In,PIT,D180,TSP6+0.253m,0.01
558,B,15,22.0,1.14,6.0,19.30,In,PIT,D180,TSP9+0.114m,0.02
559,B,15,23.0,1.66,15.0,39.19,In,PIT,D180,TSP11+0.111m,0.01
560,B,15,25.0,0.74,4.0,13.11,In,PIT,D180,TSP2+0.324m,0.01
561,B,15,26.0,0.72,5.0,15.08,In,PIT,D180,TSP9+0.458m,0.02
562,B,15,27.0,0.74,7.0,21.22,In,PIT,D180,TSP10+0.321m,0.02
563,B,15,29.0,1.3,8.0,24.00,In,PIT,D180,TSP10+0.842m,0.01
564,B,15,30.0,1.66,6.0,19.30,In,PIT,D180,TSP11+0.081m,0.04
565,B,15,33.0,0.73,5.0,18.48,In,PIT,D180,TSP9+0.335m,0.02
566,B,15,34.0,1.0,4.0,17.02,In,PIT,D180,TSP1+0.462m,0.01
567,B,15,35.0,0.64,4.0,16.31,In,PIT,D180,TSP10+0.083m,0.02
568,B,15,36.0,1.26,9.0,28.20,In,PIT,D180,TSP10+0.086m,0.03
569,B,15,37.0,1.44,8.0,24.22,In,PIT,D180,TSP10+0.029m,0.01
570,B,15,38.0,1.45,2.0,11.08,In,PIT,D180,TSP11+0.146m,0.04
571,B,15,39.0,1.4,7.0,21.83,In,PIT,D180,TSP10+0.685m,0.04
572,B,15,40.0,0.75,5.0,17.53,In,PIT,D180,TSP7+0.441m,0.03
573,B,15,42.0,0.42,6.0,20.65,In,PIT,D180,TSP9+0.269m,0.01
574,B,15,43.0,1.43,7.0,21.77,In,PIT,D180,TSP10+0.474m,0.03
575,B,15,44.0,0.74,5.0,17.48,In,PIT,D180,TSP9+0.379m,0.02
576,B,15,45.0,1.1,9.0,26.48,In,PIT,D180,TSP10+0.069m,0.02
577,B,15,46.0,1.2,7.0,22.25,In,PIT,D180,TSP10+0.105m,0.02
578,B,15,47.0,0.64,2.0,11.40,In,PIT,D180,TSP9+0.363m,0.01
579,B,15,48.0,0.84,4.0,16.54,In,PIT,D180,TSP2+0.196m,0.02
580,B,15,50.0,1.35,6.0,20.26,In,PIT,D180,TSP2+0.129m,0.03
581,B,15,52.0,1.21,5.0,17.19,In,PIT,D180,TSP10+0.091m,0.01
582,B,15,53.0,0.78,5.0,17.85,In,PIT,D180,TSP9+0.334m,0.04
583,B,15,54.0,1.09,2.0,11.80,In,PIT,D180,TSP10+0.551m,0.04
584,B,15,55.0,0.91,4.0,15.68,In,PIT,D180,TSP10+0.046m,0.02
585,B,15,56.0,0.62,8.0,25.64,In,PIT,D180,TSP3+0.045m,0.02
586,B,15,57.0,0.53,3.0,13.62,In,PIT,D180,TSP7+0.291m,0.03
587,B,16,1.0,1.41,8.0,24.20,In,PIT,D180,TSP10+0.499m,0.05
588,B,16,3.0,0.83,5.0,15.60,In,PIT,D180,TSP11+0.125m,0.02
589,B,16,6.0,0.92,3.0,12.10,In,PIT,D180,TSP2+0.391m,0.02
590,B,16,7.0,1.57,7.0,20.52,In,PIT,D180,TSP9+0.188m,0.01
591,B,16,10.0,1.04,4.0,14.37,In,PIT,D180,TSP2+0.111m,0.02
592,B,16,13.0,1.43,10.0,28.63,In,PIT,D180,TSP10+0.171m,0.01
593,B,16,14.0,0.65,6.0,17.14,In,PIT,D180,TSP8+0.073m,0.01
594,B,16,15.0,0.56,5.0,16.82,In,PIT,D180,TSP5+0.092m,0.02
595,B,16,17.0,0.85,5.0,14.91,In,PIT,D180,TSP10+0.457m,0.02
596,B,16,18.0,0.96,6.0,18.63,In,PIT,D180,TSP2+0.162m,0.02
597,B,16,19.0,2.11,7.0,20.69,In,PIT,D180,TEO+0.155m,0.02
598,B,16,20.0,2.29,8.0,22.05,In,PIT,D180,TSP10+0.599m,0.09
599,B,16,21.0,1.02,5.0,16.68,In,PIT,D180,TSP1+0.216m,0.03
600,B,16,22.0,0.86,5.0,15.97,In,PIT,D180,TSP4+0.137m,0.02
601,B,16,24.0,0.73,6.0,17.10,In,PIT,D180,TSP6+0.148m,0.02
602,B,16,25.0,0.7,6.0,19.47,In,PIT,D180,TSP10+0.361m,0.07
603,B,16,26.0,0.76,5.0,16.74,In,PIT,D180,TSP7+0.141m,0.02
604,B,16,27.0,1.39,7.0,21.37,In,PIT,D180,TSP3+0.274m,0.02
605,B,16,28.0,0.59,6.0,18.24,In,PIT,D180,TSP10+0.546m,0.02
606,B,16,29.0,0.7,8.0,23.94,In,PIT,D180,TSP9+0.422m,0.02
607,B,16,30.0,2.72,11.0,29.84,In,PIT,D180,TSP9+0.423m,0.03
608,B,16,32.0,3.15,2.0,11.22,In,PIT,D180,TSP9+0.306m,0.02
609,B,16,33.0,0.97,2.0,10.98,In,PIT,D180,TSP3+0.454m,0.02
610,B,16,34.0,1.77,8.0,26.40,In,PIT,D180,TSP9+0.346m,0.01
611,B,16,36.0,1.09,8.0,24.99,In,PIT,D180,TSP9+0.349m,0.02
612,B,16,37.0,0.73,4.0,16.68,In,PIT,D180,TSP6+0.422m,0.02
613,B,16,38.0,0.7,4.0,15.21,In,PIT,D180,TSP7+0.336m,0.02
614,B,16,39.0,0.79,7.0,22.53,In,PIT,D180,TSP6+0.041m,0.02
615,B,16,40.0,0.84,4.0,15.06,In,PIT,D180,TEO+0.297m,0.03
616,B,16,41.0,1.49,6.0,20.61,In,PIT,D180,TSP3+0.307m,0.02
617,B,16,43.0,0.67,6.0,20.90,In,PIT,D180,TSP2+0.315m,0.02
618,B,16,44.0,0.86,5.0,18.04,In,PIT,D180,TSP2+0.150m,0.02
619,B,16,45.0,1.79,14.0,40.38,In,PIT,D180,TSP10+0.260m,0.01
620,B,16,46.0,1.31,5.0,17.27,In,PIT,D180,TSP10+0.153m,0.04
621,B,16,47.0,1.53,7.0,22.82,In,PIT,D180,TSP9+0.352m,0.01
622,B,16,49.0,0.56,6.0,20.76,In,PIT,D180,TSP8+0.048m,0.02
623,B,16,54.0,0.77,7.0,23.49,In,PIT,D180,TSP7+0.106m,0.02
624,B,16,55.0,0.68,2.0,10.74,In,PIT,D180,TSP3+0.064m,0.02
625,B,17,1.0,0.51,6.0,17.95,In,PIT,D180,TSP8+0.191m,0.02
626,B,17,3.0,1.38,4.0,12.43,In,PIT,D180,TSP10+0.362m,0.02
627,B,17,4.0,0.86,7.0,21.87,In,PIT,D180,TSP1+0.207m,0.03
628,B,17,5.0,0.75,6.0,18.74,In,PIT,D180,TSP9+0.279m,0.01
629,B,17,6.0,0.74,8.0,22.83,In,PIT,D180,TSP9+0.254m,0.02
630,B,17,7.0,0.8,5.0,15.50,In,PIT,D180,TSP9+0.102m,0.02
631,B,17,10.0,0.69,6.0,18.01,In,PIT,D180,TSP7+0.164m,0.02
632,B,17,12.0,1.02,5.0,15.22,In,PIT,D180,TSP1+0.392m,0.03
633,B,17,13.0,1.51,5.0,16.46,In,PIT,D180,TSP10+0.838m,0.02
634,B,17,16.0,1.09,7.0,19.79,In,PIT,D180,TSP9+0.263m,0.02
635,B,17,17.0,0.55,5.0,16.98,In,PIT,D180,TSP11+0.201m,0.01
636,B,17,20.0,1.06,5.0,16.56,In,PIT,D180,TSP11+0.349m,0.02
637,B,17,23.0,1.64,4.0,13.94,In,PIT,D180,TSP10+0.449m,0.01
638,B,17,25.0,1.04,3.0,10.20,In,PIT,D180,TSP4+0.179m,0.03
639,B,17,26.0,0.93,5.0,16.25,In,PIT,D180,TSP5+0.183m,0.02
640,B,17,27.0,0.64,6.0,17.49,In,PIT,D180,TSP11+0.101m,0.01
641,B,17,28.0,0.87,4.0,14.66,In,PIT,D180,TSP8+0.311m,0.03
642,B,17,29.0,1.24,4.0,13.97,In,PIT,D180,TSP2+0.362m,0.03
643,B,17,30.0,1.98,5.0,14.85,In,PIT,D180,TSP10+0.362m,0.07
644,B,17,31.0,1.14,3.0,14.61,In,PIT,D180,TSP3+0.534m,0.03
645,B,17,32.0,1.92,7.0,23.68,In,PIT,D180,TSP11+0.047m,0.02
646,B,17,33.0,1.36,8.0,24.21,In,PIT,D180,TSP5+0.189m,0.02
647,B,17,34.0,0.83,7.0,23.59,In,PIT,D180,TSP3+0.103m,0.02
648,B,17,36.0,1.65,8.0,25.50,In,PIT,D180,TSP2+0.371m,0.02
649,B,17,37.0,1.8,11.0,33.18,In,PIT,D180,TSP10+0.103m,0.02
650,B,17,38.0,1.97,8.0,25.25,In,PIT,D180,TSP4+0.302m,0.02
651,B,17,39.0,2.27,7.0,23.16,In,PIT,D180,TSP9+0.268m,0.05
652,B,17,40.0,0.76,3.0,12.42,In,PIT,D180,TSP7+0.264m,0.01
653,B,17,42.0,0.71,7.0,21.83,In,PIT,D180,TSP4+0.096m,0.02
654,B,17,45.0,0.97,7.0,23.29,In,PIT,D180,TSP7+0.254m,0.02
655,B,17,47.0,0.79,6.0,21.33,In,PIT,D180,TSP10+0.664m,0.04
656,B,17,48.0,0.66,5.0,17.19,In,PIT,D180,TSP10+0.048m,0.01
657,B,17,50.0,1.15,5.0,18.59,In,PIT,D180,TSP10+0.249m,0.01
658,B,17,51.0,1.12,7.0,23.44,In,PIT,D180,TSP6+0.284m,0.03
659,B,17,52.0,0.86,7.0,23.79,In,PIT,D180,TSP9+0.335m,0.02
660,B,17,53.0,1.54,9.0,27.43,In,PIT,D180,TSP10+0.303m,0.03
661,B,17,54.0,2.08,9.0,27.92,In,PIT,D180,TSP3+0.078m,0.02
662,B,17,55.0,1.48,6.0,21.48,In,PIT,D180,TSP9+0.429m,0.02
663,B,17,57.0,1.54,2.0,10.22,In,PIT,D180,TSP10+0.391m,0.02
664,B,18,3.0,0.56,8.0,23.73,In,PIT,D180,TSP10+0.193m,0.01
665,B,18,4.0,0.69,9.0,24.89,In,PIT,D180,TSP8+0.446m,0.02
666,B,18,5.0,0.72,8.0,23.46,In,PIT,D180,TSP10+0.279m,0.01
667,B,18,6.0,0.64,6.0,18.85,In,PIT,D180,TSP7+0.321m,0.01
668,B,18,7.0,4.6,10.0,27.44,In,PIT,D180,TSP10+0.169m,0.04
669,B,18,10.0,0.79,3.0,10.29,In,PIT,D180,TSP10+0.564m,0.02
670,B,18,15.0,0.49,5.0,16.09,In,PIT,D180,TSP3+0.210m,0.03
671,B,18,16.0,3.43,10.0,26.93,In,PIT,D180,TSP9+0.024m,0.02
672,B,18,17.0,1.29,6.0,19.04,In,PIT,D180,TSP9+0.245m,0.02
673,B,18,21.0,1.03,7.0,19.51,In,PIT,D180,TSP5+0.173m,0.02
674,B,18,22.0,0.76,4.0,14.00,In,PIT,D180,TSP3+0.241m,0.03
675,B,18,23.0,0.65,4.0,13.39,In,PIT,D180,TSP4+0.297m,0.02
676,B,18,25.0,0.91,3.0,11.85,In,PIT,D180,TSP8+0.194m,0.02
677,B,18,26.0,0.69,5.0,15.41,In,PIT,D180,TSP1+0.605m,0.02
678,B,18,27.0,0.77,5.0,16.99,In,PIT,D180,TSP10+0.769m,0.02
679,B,18,28.0,2.76,7.0,20.47,In,PIT,D180,TSP8+0.212m,0.04
680,B,18,30.0,2.12,11.0,30.59,In,PIT,D180,TSP10+0.234m,0.03
681,B,18,31.0,0.55,7.0,22.06,In,PIT,D180,TSP1+0.433m,0.02
682,B,18,33.0,1.01,4.0,14.96,In,PIT,D180,TSP6+0.332m,0.02
683,B,18,35.0,0.7,5.0,18.99,In,PIT,D180,TSP8+0.569m,0.01
684,B,18,36.0,0.67,5.0,17.88,In,PIT,D180,TSP5+0.189m,0.02
685,B,18,37.0,2.25,6.0,21.24,In,PIT,D180,TSP10+0.768m,0.04
686,B,18,38.0,1.46,4.0,15.16,In,PIT,D180,TSP6+0.051m,0.03
687,B,18,39.0,0.92,5.0,18.57,In,PIT,D180,TSP10+0.166m,0.01
688,B,18,41.0,0.88,8.0,25.89,In,PIT,D180,TSP7+0.237m,0.02
689,B,18,42.0,1.0,3.0,13.25,In,PIT,D180,TEO+0.286m,0.03
690,B,18,44.0,0.69,9.0,26.78,In,PIT,D180,TSP9+0.159m,0.02
691,B,18,45.0,1.06,10.0,30.61,In,PIT,D180,TSP10+0.356m,0.02
692,B,18,46.0,0.74,3.0,13.39,In,PIT,D180,TSP11+0.109m,0.03
693,B,18,47.0,1.69,6.0,21.73,In,PIT,D180,TSP10+0.172m,0.03
694,B,18,48.0,0.86,7.0,21.85,In,PIT,D180,TSP2+0.334m,0.01
695,B,18,49.0,1.76,7.0,22.51,In,PIT,D180,TSP10+0.247m,0.02
696,B,18,50.0,1.12,2.0,12.32,In,PIT,D180,TSP11+0.099m,0.02
697,B,18,51.0,1.16,6.0,21.08,In,PIT,D180,TSP3+0.151m,0.02
698,B,18,52.0,0.88,6.0,19.89,In,PIT,D180,TSP7+0.101m,0.02
699,B,18,55.0,0.96,3.0,13.95,In,PIT,D180,TSP10+0.430m,0.03
700,B,18,57.0,0.74,7.0,22.30,In,PIT,D180,TSP6+0.351m,0.01
701,B,19,1.0,0.93,5.0,16.09,In,PIT,D180,TSP9+0.431m,0.02
702,B,19,4.0,2.0,10.0,26.97,In,PIT,D180,TSP8+0.457m,0.03
703,B,19,6.0,0.57,7.0,20.93,In,PIT,D180,TSP8+0.403m,0.03
704,B,19,7.0,0.82,7.0,21.49,In,PIT,D180,TSP7+0.117m,0.01
705,B,19,8.0,1.02,4.0,14.61,In,PIT,D180,TSP6+0.219m,0.02
706,B,19,9.0,0.81,4.0,14.63,In,PIT,D180,TSP11+0.191m,0.01
707,B,19,10.0,1.12,7.0,20.03,In,PIT,D180,TSP9+0.134m,0.01
708,B,19,12.0,1.1,4.0,12.35,In,PIT,D180,TSP4+0.451m,0.02
709,B,19,13.0,0.63,5.0,15.28,In,PIT,D180,TSP10+0.801m,0.03
710,B,19,14.0,1.69,5.0,16.12,In,PIT,D180,TEO+0.407m,0.09
711,B,19,16.0,0.6,4.0,14.59,In,PIT,D180,TSP11+0.373m,0.03
712,B,19,17.0,0.43,9.0,26.57,In,PIT,D180,TSP8+0.407m,0.02
713,B,19,19.0,0.88,4.0,14.07,In,PIT,D180,TSP9+0.039m,0.02
714,B,19,21.0,0.91,3.0,11.45,In,PIT,D180,TSP2+0.396m,0.02
715,B,19,23.0,0.8,6.0,17.48,In,PIT,D180,TSP6+0.300m,0.02
716,B,19,24.0,1.3,3.0,11.84,In,PIT,D180,TSP5+0.042m,0.02
717,B,19,25.0,1.06,4.0,13.27,In,PIT,D180,TSP10+0.119m,0.03
718,B,19,28.0,1.1,6.0,17.85,In,PIT,D180,TSP3+0.676m,0.03
719,B,19,29.0,0.85,6.0,18.69,In,PIT,D180,TSP9+0.234m,0.02
720,B,19,30.0,0.79,3.0,10.15,In,PIT,D180,TSP6+0.345m,0.01
721,B,19,33.0,2.37,5.0,18.47,In,PIT,D180,TSP10+0.320m,0.03
722,B,19,35.0,1.21,3.0,13.44,In,PIT,D180,TSP8+0.153m,0.02
723,B,19,36.0,1.76,8.0,24.33,In,PIT,D180,TSP10+0.283m,0.07
724,B,19,37.0,2.05,8.0,26.22,In,PIT,D180,TSP9+0.277m,0.02
725,B,19,38.0,0.49,5.0,17.16,In,PIT,D180,TSP11+0.129m,0.01
726,B,19,39.0,0.58,6.0,21.63,In,PIT,D180,TSP4+0.187m,0.04
727,B,19,41.0,1.34,5.0,18.74,In,PIT,D180,TSP10+0.143m,0.04
728,B,19,42.0,0.74,5.0,18.69,In,PIT,D180,TSP6+0.097m,0.02
729,B,19,43.0,0.7,7.0,22.67,In,PIT,D180,TSP9+0.188m,0.02
730,B,19,45.0,1.42,8.0,25.26,In,PIT,D180,TSP9+0.146m,0.01
731,B,19,46.0,0.98,6.0,20.47,In,PIT,D180,TSP4+0.113m,0.02
732,B,19,48.0,1.32,7.0,21.80,In,PIT,D180,TSP4+0.381m,0.01
733,B,19,50.0,0.73,3.0,13.83,In,PIT,D180,TSP9+0.419m,0.02
734,B,19,51.0,1.5,6.0,21.35,In,PIT,D180,TSP10+0.156m,0.02
735,B,19,52.0,2.86,8.0,25.31,In,PIT,D180,TSP8+0.124m,0.06
736,B,19,54.0,0.7,2.0,11.88,In,PIT,D180,TSP9+0.327m,0.01
737,B,19,55.0,2.88,10.0,30.52,In,PIT,D180,TSP11+0.029m,0.02
738,B,19,56.0,1.15,7.0,22.58,In,PIT,D180,TSP5+0.094m,0.01
739,B,19,57.0,0.77,4.0,15.44,In,PIT,D180,TEO+0.513m,0.03
740,B,20,5.0,0.81,6.0,19.23,In,PIT,D180,TSP6+0.693m,0.02
741,B,20,6.0,0.78,5.0,16.69,In,PIT,D180,TEO+0.479m,0.03
742,B,20,8.0,1.66,8.0,24.01,In,PIT,D180,TSP10+0.742m,0.03
743,B,20,10.0,0.86,5.0,15.32,In,PIT,D180,TSP7+0.079m,0.03
744,B,20,11.0,1.21,8.0,22.79,In,PIT,D180,TSP10+0.361m,0.06
745,B,20,12.0,1.31,3.0,10.70,In,PIT,D180,TSP7+0.112m,0.03
746,B,20,17.0,1.07,5.0,15.29,In,PIT,D180,TSP10+0.931m,0.01
747,B,20,19.0,0.66,6.0,19.37,In,PIT,D180,TSP6+0.239m,0.04
748,B,20,20.0,2.96,7.0,19.87,In,PIT,D180,TSP4+0.094m,0.03
749,B,20,21.0,0.82,7.0,20.73,In,PIT,D180,TSP6+0.444m,0.01
750,B,20,22.0,0.81,6.0,17.42,In,PIT,D180,TSP9+0.367m,0.02
751,B,20,23.0,2.51,5.0,16.80,In,PIT,D180,TSP2+0.112m,0.01
752,B,20,24.0,0.6,6.0,19.48,In,PIT,D180,TSP9+0.243m,0.01
753,B,20,27.0,2.59,4.0,14.17,In,PIT,D180,TSP10+0.335m,0.02
754,B,20,28.0,2.19,9.0,24.66,In,PIT,D180,TSP6+0.154m,0.03
755,B,20,29.0,1.74,9.0,24.54,In,PIT,D180,TSP4+0.155m,0.02
756,B,20,31.0,1.36,8.0,26.06,In,PIT,D180,TSP10+0.337m,0.02
757,B,20,32.0,0.36,9.0,28.45,In,PIT,D180,TSP6+0.359m,0.02
758,B,20,33.0,1.65,8.0,24.21,In,PIT,D180,TSP3+0.120m,0.03
759,B,20,34.0,0.85,5.0,19.33,In,PIT,D180,TSP10+0.660m,0.02
760,B,20,35.0,0.83,7.0,22.56,In,PIT,D180,TSP10+0.171m,0.03
761,B,20,36.0,1.09,5.0,17.49,In,PIT,D180,TSP10+0.118m,0.03
762,B,20,38.0,1.5,6.0,21.60,In,PIT,D180,TSP9+0.332m,0.02
763,B,20,39.0,0.8,7.0,22.11,In,PIT,D180,TSP4+0.342m,0.01
764,B,20,43.0,0.85,5.0,17.58,In,PIT,D180,TSP10+0.315m,0.02
765,B,20,44.0,2.07,5.0,18.13,In,PIT,D180,TSP8+0.121m,0.05
766,B,20,45.0,1.03,6.0,21.25,In,PIT,D180,TSP6+0.425m,0.02
767,B,20,46.0,0.6,7.0,23.35,In,PIT,D180,TSP10+0.573m,0.04
768,B,20,47.0,1.43,6.0,20.72,In,PIT,D180,TSP7+0.359m,0.01
769,B,20,50.0,0.63,5.0,18.39,In,PIT,D180,TSP3+0.352m,0.02
770,B,20,51.0,0.77,2.0,12.16,In,PIT,D180,TSP9+0.148m,0.01
771,B,20,52.0,1.07,6.0,21.46,In,PIT,D180,TSP10+0.098m,0.02
772,B,20,53.0,1.89,2.0,10.10,In,PIT,D180,TSP7+0.096m,0.02
773,B,20,54.0,1.17,10.0,30.82,In,PIT,D180,TSP11+0.235m,0.02
774,B,20,55.0,0.95,2.0,11.23,In,PIT,D180,TSP6+0.451m,0.02
775,B,21,1.0,1.25,4.0,14.55,In,PIT,D180,TSP10+0.687m,0.03
776,B,21,2.0,0.97,4.0,13.48,In,PIT,D180,TSP10+0.958m,0.03
777,B,21,3.0,1.23,7.0,20.98,In,PIT,D180,TSP2+0.307m,0.02
778,B,21,4.0,0.82,9.0,25.11,In,PIT,D180,TSP1+0.502m,0.03
779,B,21,6.0,0.6,8.0,22.53,In,PIT,D180,TSP10+0.286m,0.02
780,B,21,7.0,1.09,7.0,20.41,In,PIT,D180,TSP9+0.218m,0.02
781,B,21,8.0,0.67,3.0,11.62,In,PIT,D180,TSP5+0.253m,0.02
782,B,21,11.0,0.99,4.0,12.63,In,PIT,D180,TSP2+0.234m,0.01
783,B,21,12.0,1.17,5.0,15.34,In,PIT,D180,TSP11+0.421m,0.03
784,B,21,13.0,0.71,7.0,21.02,In,PIT,D180,TSP6+0.491m,0.01
785,B,21,14.0,0.71,5.0,15.48,In,PIT,D180,TSP10+0.506m,0.04
786,B,21,15.0,1.09,3.0,11.05,In,PIT,D180,TEO+0.144m,0.02
787,B,21,16.0,1.01,8.0,23.21,In,PIT,D180,TSP9+0.293m,0.01
788,B,21,18.0,0.7,4.0,14.15,In,PIT,D180,TSP6+0.288m,0.03
789,B,21,21.0,0.83,6.0,17.82,In,PIT,D180,TSP11+0.096m,0.02
790,B,21,22.0,1.39,9.0,26.63,In,PIT,D180,TSP2+0.238m,0.02
791,B,21,25.0,0.89,5.0,15.09,In,PIT,D180,TSP7+0.254m,0.03
792,B,21,27.0,0.8,3.0,11.86,In,PIT,D180,TSP6+0.342m,0.01
793,B,21,29.0,1.05,6.0,17.50,In,PIT,D180,TSP10+0.791m,0.01
794,B,21,30.0,2.94,11.0,30.04,In,PIT,D180,TSP10+0.890m,0.03
795,B,21,31.0,1.36,5.0,17.20,In,PIT,D180,TSP9+0.394m,0.01
796,B,21,33.0,1.23,6.0,21.55,In,PIT,D180,TSP9+0.334m,0.03
797,B,21,34.0,0.75,3.0,13.59,In,PIT,D180,TSP10+0.046m,0.01
798,B,21,35.0,0.87,5.0,18.99,In,PIT,D180,TSP10+0.417m,0.05
799,B,21,36.0,1.64,4.0,16.25,In,PIT,D180,TSP7+0.614m,0.03
800,B,21,37.0,0.99,5.0,18.93,In,PIT,D180,TSP10+0.289m,0.03
801,B,21,38.0,3.98,11.0,32.57,In,PIT,D180,TSP6+0.273m,0.03
802,B,21,41.0,1.02,7.0,22.03,In,PIT,D180,TSP7+0.266m,0.02
803,B,21,43.0,0.71,7.0,22.16,In,PIT,D180,TSP10+0.751m,0.03
804,B,21,44.0,1.21,4.0,16.75,In,PIT,D180,TSP11+0.120m,0.03
805,B,21,45.0,1.55,2.0,12.33,In,PIT,D180,TSP11+0.176m,0.04
806,B,21,46.0,1.01,5.0,17.78,In,PIT,D180,TSP6+0.414m,0.03
807,B,21,47.0,1.23,12.0,35.45,In,PIT,D180,TSP9+0.264m,0.01
808,B,21,48.0,0.87,6.0,20.69,In,PIT,D180,TSP9+0.247m,0.03
809,B,21,49.0,1.36,6.0,20.95,In,PIT,D180,TSP10+0.141m,0.01
810,B,21,50.0,1.4,7.0,24.03,In,PIT,D180,TSP5+0.257m,0.01
811,B,21,51.0,1.33,5.0,18.19,In,PIT,D180,TSP5+0.265m,0.03
812,B,21,52.0,0.72,6.0,20.12,In,PIT,D180,TSP6+0.057m,0.02
813,B,21,53.0,1.52,6.0,19.46,In,PIT,D180,TSP7+0.100m,0.02
814,B,22,1.0,0.91,6.0,18.39,In,PIT,D180,TSP6+0.410m,0.02
815,B,22,3.0,0.74,5.0,16.66,In,PIT,D180,TSP10+0.164m,0.02
816,B,22,5.0,0.61,4.0,12.86,In,PIT,D180,TSP9+0.171m,0.02
817,B,22,6.0,0.66,4.0,12.47,In,PIT,D180,TEO+0.384m,0.03
818,B,22,7.0,0.61,5.0,15.53,In,PIT,D180,TSP11+0.101m,0.02
819,B,22,8.0,0.82,6.0,18.36,In,PIT,D180,TSP7+0.136m,0.02
820,B,22,10.0,2.03,7.0,21.63,In,PIT,D180,TSP10+0.826m,0.02
821,B,22,11.0,0.8,4.0,13.90,In,PIT,D180,TSP10+0.038m,0.02
822,B,22,13.0,1.04,4.0,13.98,In,PIT,D180,TSP4+0.537m,0.03
823,B,22,16.0,1.0,6.0,17.19,In,PIT,D180,TSP11+0.160m,0.02
824,B,22,17.0,0.92,6.0,18.54,In,PIT,D180,TSP11+0.293m,0.02
825,B,22,18.0,0.58,6.0,17.58,In,PIT,D180,TSP7+0.216m,0.02
826,B,22,22.0,1.36,6.0,19.16,In,PIT,D180,TSP9+0.321m,0.02
827,B,22,24.0,1.22,4.0,13.47,In,PIT,D180,TSP4+0.459m,0.02
828,B,22,25.0,1.05,7.0,21.82,In,PIT,D180,TSP2+0.366m,0.01
829,B,22,26.0,0.82,8.0,23.61,In,PIT,D180,TSP4+0.366m,0.02
830,B,22,30.0,0.9,4.0,14.53,In,PIT,D180,TSP3+0.251m,0.03
831,B,22,31.0,2.22,7.0,23.02,In,PIT,D180,TSP10+0.079m,0.02
832,B,22,32.0,1.79,8.0,26.34,In,PIT,D180,TSP8+0.259m,0.02
833,B,22,34.0,0.89,4.0,16.83,In,PIT,D180,TSP9+0.137m,0.02
834,B,22,35.0,1.15,7.0,21.90,In,PIT,D180,TSP11+0.073m,0.01
835,B,22,36.0,0.75,7.0,22.78,In,PIT,D180,TSP7+0.042m,0.03
836,B,22,37.0,0.81,2.0,12.01,In,PIT,D180,TSP10+0.570m,0.03
837,B,22,38.0,1.06,6.0,20.63,In,PIT,D180,TSP10+0.230m,0.03
838,B,22,40.0,0.65,7.0,22.56,In,PIT,D180,TSP9+0.119m,0.02
839,B,22,41.0,1.03,3.0,14.52,In,PIT,D180,TSP10+0.124m,0.02
840,B,22,42.0,0.86,3.0,14.02,In,PIT,D180,TSP9+0.320m,0.01
841,B,22,43.0,2.0,5.0,19.03,In,PIT,D180,TSP9+0.325m,0.01
842,B,22,46.0,0.99,7.0,22.26,In,PIT,D180,TSP6+0.376m,0.01
843,B,22,47.0,1.14,6.0,20.96,In,PIT,D180,TSP10+0.061m,0.01
844,B,22,48.0,0.86,5.0,18.52,In,PIT,D180,TSP6+0.117m,0.05
845,B,22,49.0,1.52,3.0,12.87,In,PIT,D180,TSP10+0.178m,0.03
846,B,22,50.0,0.9,6.0,20.50,In,PIT,D180,TSP11+0.051m,0.03
847,B,22,51.0,0.65,5.0,18.86,In,PIT,D180,TSP5+0.036m,0.01
848,B,22,52.0,1.67,11.0,33.39,In,PIT,D180,TSP6+0.494m,0.02
849,B,22,53.0,0.73,3.0,12.65,In,PIT,D180,TSP9+0.091m,0.01
850,B,22,54.0,1.94,7.0,23.51,In,PIT,D180,TSP9+0.274m,0.03
851,B,22,55.0,1.63,11.0,32.62,In,PIT,D180,TSP9+0.284m,0.02
852,B,22,56.0,0.81,3.0,14.59,In,PIT,D180,TSP11+0.125m,0.03
853,B,23,1.0,1.78,7.0,20.17,In,PIT,D180,TSP2+0.361m,0.01
854,B,23,4.0,1.8,10.0,26.81,In,PIT,D180,TSP9+0.298m,0.02
855,B,23,5.0,1.73,5.0,15.25,In,PIT,D180,TSP9+0.192m,0.02
856,B,23,8.0,0.91,4.0,13.17,In,PIT,D180,TSP9+0.403m,0.02
857,B,23,10.0,0.63,4.0,13.25,In,PIT,D180,TSP11+0.249m,0.03
858,B,23,11.0,1.01,7.0,19.96,In,PIT,D180,TSP10+0.056m,0.01
859,B,23,12.0,1.52,3.0,11.78,In,PIT,D180,TSP11+0.269m,0.02
860,B,23,13.0,1.06,6.0,18.20,In,PIT,D180,TSP10+0.848m,0.03
861,B,23,14.0,1.26,5.0,15.51,In,PIT,D180,TSP9+0.075m,0.01
862,B,23,15.0,1.03,8.0,22.72,In,PIT,D180,TSP11+0.029m,0.01
863,B,23,16.0,0.84,5.0,16.65,In,PIT,D180,TSP2+0.386m,0.02
864,B,23,17.0,0.93,4.0,13.44,In,PIT,D180,TSP9+0.334m,0.02
865,B,23,19.0,0.98,4.0,13.82,In,PIT,D180,TSP2+0.274m,0.01
866,B,23,20.0,1.07,12.0,33.89,In,PIT,D180,TSP3+0.102m,0.02
867,B,23,22.0,1.05,5.0,14.79,In,PIT,D180,TSP10+0.841m,0.01
868,B,23,23.0,1.06,7.0,21.35,In,PIT,D180,TSP10+0.781m,0.02
869,B,23,25.0,0.72,4.0,12.72,In,PIT,D180,TSP11+0.063m,0.01
870,B,23,26.0,3.24,12.0,32.05,In,PIT,D180,TSP7+0.061m,0.02
871,B,23,27.0,0.69,4.0,14.27,In,PIT,D180,TSP10+0.201m,0.02
872,B,23,29.0,1.35,6.0,17.62,In,PIT,D180,TSP10+0.131m,0.02
873,B,23,30.0,1.12,3.0,11.31,In,PIT,D180,TSP10+0.713m,0.04
874,B,23,31.0,1.46,3.0,13.83,In,PIT,D180,TSP3+0.208m,0.03
875,B,23,33.0,0.82,4.0,15.37,In,PIT,D180,TSP10+0.338m,0.02
876,B,23,35.0,0.64,6.0,19.42,In,PIT,D180,TSP10+0.134m,0.01
877,B,23,36.0,0.88,6.0,21.61,In,PIT,D180,TSP11+0.109m,0.02
878,B,23,37.0,1.07,2.0,10.08,In,PIT,D180,TSP9+0.087m,0.02
879,B,23,38.0,0.85,3.0,12.64,In,PIT,D180,TSP9+0.162m,0.02
880,B,23,40.0,3.12,7.0,22.36,In,PIT,D180,TSP11+0.173m,0.04
881,B,23,41.0,1.12,3.0,13.48,In,PIT,D180,TSP10+0.361m,0.02
882,B,23,42.0,0.57,7.0,22.80,In,PIT,D180,TSP9+0.075m,0.02
883,B,23,43.0,1.35,4.0,16.77,In,PIT,D180,TSP11+0.083m,0.03
884,B,23,46.0,0.47,3.0,13.25,In,PIT,D180,TSP4+0.296m,0.02
885,B,23,47.0,3.54,7.0,23.74,In,PIT,D180,TSP10+0.459m,0.06
886,B,23,48.0,0.73,8.0,24.22,In,PIT,D180,TSP10+0.762m,0.02
887,B,23,49.0,0.85,11.0,32.15,In,PIT,D180,TSP10+0.096m,0.01
888,B,23,50.0,0.92,2.0,12.40,In,PIT,D180,TSP8+0.489m,0.02
889,B,23,52.0,0.98,6.0,20.83,In,PIT,D180,TSP2+0.041m,0.01
890,B,23,53.0,0.92,7.0,22.46,In,PIT,D180,TSP10+0.468m,0.02
891,B,23,55.0,1.01,6.0,20.47,In,PIT,D180,TEO+0.255m,0.06
892,B,24,1.0,1.12,7.0,23.04,In,PIT,D180,TSP9+0.637m,0.01
893,B,24,3.0,2.24,8.0,25.78,In,PIT,D180,TSP10+0.928m,0.03
894,B,24,4.0,1.06,9.0,26.54,In,PIT,D180,TSP10+0.194m,0.02
895,B,24,5.0,0.97,4.0,16.97,In,PIT,D180,TSP9+0.618m,0.03
896,B,24,6.0,1.19,6.0,20.89,In,PIT,D180,TSP10+0.378m,0.03
897,B,24,7.0,0.95,4.0,16.80,In,PIT,D180,TSP3+0.173m,0.02
898,B,24,9.0,0.72,2.0,12.33,In,PIT,D180,TSP9+0.423m,0.02
899,B,24,10.0,1.17,6.0,19.67,In,PIT,D180,TSP6+0.500m,0.02
900,B,24,11.0,1.12,3.0,14.56,In,PIT,D180,TSP3+0.112m,0.04
901,B,24,12.0,1.67,7.0,22.01,In,PIT,D180,TSP5+0.432m,0.04
902,B,24,13.0,0.84,2.0,11.12,In,PIT,D180,TSP2+0.165m,0.02
903,B,24,14.0,0.75,5.0,17.68,In,PIT,D180,TSP5+0.342m,0.03
904,B,24,15.0,2.14,2.0,11.04,In,PIT,D180,TSP6+0.212m,0.04
905,B,24,16.0,1.49,4.0,15.66,In,PIT,D180,TSP10+0.884m,0.03
906,B,24,18.0,1.01,6.0,19.48,In,PIT,D180,TSP9+0.475m,0.02
907,B,24,20.0,1.46,6.0,20.18,In,PIT,D180,TSP9+0.282m,0.03
908,B,24,21.0,1.41,5.0,18.16,In,PIT,D180,TSP5+0.214m,0.02
909,B,24,22.0,1.49,2.0,11.88,In,PIT,D180,TSP8+0.649m,0.02
910,B,24,23.0,0.74,5.0,17.38,In,PIT,D180,TSP10+0.633m,0.04
911,B,24,24.0,1.23,6.0,20.02,In,PIT,D180,TSP4+0.433m,0.02
912,B,24,25.0,1.24,2.0,11.06,In,PIT,D180,TSP8+0.114m,0.02
913,B,24,26.0,1.0,2.0,10.88,In,PIT,D180,TSP7+0.154m,0.02
914,B,24,27.0,1.16,5.0,18.45,In,PIT,D180,TSP7+0.206m,0.02
915,B,24,28.0,0.85,2.0,11.45,In,PIT,D180,TSP11+0.098m,0.02
916,B,24,29.0,0.94,6.0,21.14,In,PIT,D180,TSP10+0.369m,0.02
917,B,24,31.0,0.8,2.0,10.83,In,PIT,D180,TSP10+0.629m,0.05
918,B,24,33.0,0.75,7.0,21.93,In,PIT,D180,TSP7+0.292m,0.02
919,B,24,36.0,1.05,6.0,21.31,In,PIT,D180,TSP10+0.425m,0.04
920,B,24,38.0,0.89,6.0,20.63,In,PIT,D180,TSP10+0.244m,0.03
921,B,24,40.0,0.81,7.0,22.69,In,PIT,D180,TSP8+0.246m,0.02
922,B,24,41.0,0.88,4.0,16.57,In,PIT,D180,TSP10+0.194m,0.05
923,B,24,42.0,0.96,9.0,27.12,In,PIT,D180,TSP11+0.019m,0.01
924,B,24,43.0,2.12,7.0,22.87,In,PIT,D180,TSP11+0.057m,0.02
925,B,24,44.0,0.91,6.0,20.18,In,PIT,D180,TSP10+0.220m,0.02
926,B,24,45.0,1.59,10.0,28.79,In,PIT,D180,TSP9+0.194m,0.02
927,B,24,46.0,0.94,6.0,20.78,In,PIT,D180,TSP3+0.311m,0.03
928,B,24,47.0,0.94,9.0,26.56,In,PIT,D180,TSP3+0.465m,0.02
929,B,24,48.0,1.33,6.0,21.32,In,PIT,D180,TSP4+0.124m,0.01
930,B,24,49.0,3.1,5.0,18.09,In,PIT,D180,TSP9+0.716m,0.07
931,B,24,50.0,1.26,2.0,10.98,In,PIT,D180,TSP10+0.828m,0.03
932,B,24,52.0,0.6,5.0,17.35,In,PIT,D180,TSP10+0.426m,0.02
933,B,24,54.0,1.28,8.0,24.48,In,PIT,D180,TSP8+0.564m,0.02
934,B,24,55.0,1.38,6.0,21.54,In,PIT,D180,TSP4+0.041m,0.03
935,B,25,1.0,2.56,7.0,23.95,In,PIT,D180,TSP7+0.029m,0.02
936,B,25,3.0,0.98,6.0,20.01,In,PIT,D180,TSP3+0.517m,0.04
937,B,25,5.0,1.82,3.0,12.90,In,PIT,D180,TSP11+0.877m,0.02
938,B,25,7.0,2.8,8.0,24.22,In,PIT,D180,TSP9+0.201m,0.03
939,B,25,9.0,1.79,6.0,20.13,In,PIT,D180,TSP8+0.741m,0.02
940,B,25,11.0,0.81,3.0,14.51,In,PIT,D180,TSP10+0.241m,0.01
941,B,25,12.0,0.86,4.0,14.91,In,PIT,D180,TSP4+0.297m,0.02
942,B,25,13.0,0.87,2.0,12.23,In,PIT,D180,TSP6+0.138m,0.03
943,B,25,14.0,2.35,6.0,19.79,In,PIT,D180,TSP10+0.286m,0.02
944,B,25,15.0,1.05,2.0,11.21,In,PIT,D180,TSP10+0.091m,0.02
945,B,25,16.0,0.75,6.0,20.03,In,PIT,D180,TSP10+0.369m,0.02
946,B,25,17.0,0.86,4.0,15.94,In,PIT,D180,TSP10+0.392m,0.02
947,B,25,18.0,2.23,4.0,15.64,In,PIT,D180,TSP2+0.055m,0.01
948,B,25,19.0,2.13,9.0,26.59,In,PIT,D180,TSP10+0.188m,0.02
949,B,25,20.0,0.97,3.0,12.94,In,PIT,D180,TSP6+0.577m,0.01
950,B,25,21.0,0.84,3.0,14.07,In,PIT,D180,TSP6+0.134m,0.01
951,B,25,22.0,0.89,4.0,17.00,In,PIT,D180,TSP5+0.431m,0.01
952,B,25,23.0,1.2,6.0,20.50,In,PIT,D180,TSP3+0.138m,0.02
953,B,25,27.0,0.99,6.0,21.71,In,PIT,D180,TSP3+0.177m,0.02
954,B,25,28.0,0.65,7.0,22.51,In,PIT,D180,TSP7+0.094m,0.01
955,B,25,30.0,0.87,3.0,13.80,In,PIT,D180,TSP7+0.044m,0.01
956,B,25,31.0,1.14,6.0,20.98,In,PIT,D180,TSP3+0.061m,0.04
957,B,25,33.0,1.19,5.0,17.25,In,PIT,D180,TSP10+0.131m,0.02
958,B,25,34.0,2.1,3.0,14.11,In,PIT,D180,TSP10+0.167m,0.03
959,B,25,35.0,0.6,5.0,18.16,In,PIT,D180,TSP3+0.487m,0.01
960,B,25,36.0,0.74,5.0,18.33,In,PIT,D180,TSP5+0.104m,0.02
961,B,25,37.0,1.26,4.0,17.03,In,PIT,D180,TSP3+0.162m,0.02
962,B,25,39.0,0.83,7.0,22.05,In,PIT,D180,TSP5+0.087m,0.04
963,B,25,40.0,0.57,3.0,12.42,In,PIT,D180,TSP2+0.355m,0.02
964,B,25,42.0,1.53,5.0,19.05,In,PIT,D180,TSP4+0.187m,0.03
965,B,25,43.0,3.06,10.0,18.47,In,PIT,MIX1,TSP10+0.654m,0.16
966,B,25,45.0,0.61,6.0,20.20,In,PIT,D180,TSP8+0.136m,0.02
967,B,25,46.0,0.92,5.0,18.16,In,PIT,D180,TSP10+0.601m,0.04
968,B,25,47.0,0.91,3.0,13.86,In,PIT,D180,TSP8+0.496m,0.02
969,B,25,49.0,0.88,7.0,24.07,In,PIT,D180,TSP9+0.083m,0.01
970,B,25,51.0,2.16,10.0,28.79,In,PIT,D180,TSP10+0.373m,0.08
971,B,25,55.0,0.8,6.0,21.34,In,PIT,D180,TSP6+0.159m,0.03
972,B,26,2.0,0.77,5.0,17.64,In,PIT,D180,TSP11+0.148m,0.02
973,B,26,3.0,1.33,2.0,10.38,In,PIT,D180,TSP7+0.179m,0.02
974,B,26,5.0,0.79,4.0,16.89,In,PIT,D180,TSP7+0.401m,0.02
975,B,26,6.0,5.2,11.0,21.08,In,PIT,MIX1,TSP9+0.596m,0.02
976,B,26,7.0,1.17,5.0,18.10,In,PIT,D180,TSP9+0.054m,0.02
977,B,26,8.0,0.82,2.0,11.20,In,PIT,D180,TSP7+0.139m,0.03
978,B,26,9.0,0.92,11.0,32.19,In,PIT,D180,TSP10+0.183m,0.02
979,B,26,11.0,0.5,4.0,17.04,In,PIT,D180,TSP4+0.285m,0.02
980,B,26,12.0,0.9,4.0,16.20,In,PIT,D180,TSP6+0.364m,0.02
981,B,26,13.0,7.41,7.0,23.21,In,PIT,D180,TSP9+0.486m,0.03
982,B,26,14.0,1.02,7.0,22.12,In,PIT,D180,TSP7+0.061m,0.02
983,B,26,15.0,1.02,6.0,21.23,In,PIT,D180,TSP6+0.096m,0.03
984,B,26,16.0,1.41,7.0,23.24,In,PIT,D180,TSP10+0.552m,0.04
985,B,26,19.0,0.74,8.0,25.01,In,PIT,D180,TSP11+0.123m,0.02
986,B,26,22.0,0.77,5.0,18.46,In,PIT,D180,TSP6+0.309m,0.01
987,B,26,24.0,1.94,13.0,36.77,In,PIT,D180,TSP5+0.509m,0.04
988,B,26,25.0,1.29,5.0,19.17,In,PIT,D180,TSP5+0.122m,0.04
989,B,26,26.0,1.19,4.0,15.50,In,PIT,D180,TSP11+0.141m,0.02
990,B,26,30.0,1.19,4.0,15.84,In,PIT,D180,TSP1+0.468m,0.02
991,B,26,31.0,1.54,5.0,17.49,In,PIT,D180,TSP10+0.153m,0.01
992,B,26,33.0,1.24,9.0,28.38,In,PIT,D180,TSP9+0.113m,0.02
993,B,26,34.0,1.05,4.0,15.13,In,PIT,D180,TSP10+0.192m,0.03
994,B,26,35.0,1.12,5.0,18.98,In,PIT,D180,TSP7+0.160m,0.02
995,B,26,36.0,0.84,5.0,18.90,In,PIT,D180,TSP10+0.123m,0.01
996,B,26,37.0,0.64,5.0,18.97,In,PIT,D180,TSP10+0.154m,0.02
997,B,26,38.0,2.26,8.0,25.32,In,PIT,D180,TSP8+0.219m,0.01
998,B,26,39.0,0.89,5.0,18.86,In,PIT,D180,TSP9+0.288m,0.02
999,B,26,41.0,1.15,5.0,18.49,In,PIT,D180,TSP10+0.428m,0.04
"1,000B",26,42,0.66,4.0,15.57,In,PIT,D180,TSP7+0.107m,0.040,
"1,001B",26,44,0.67,4.0,16.18,In,PIT,D180,TSP9+0.286m,0.020,
"1,002B",26,47,0.89,2.0,11.48,In,PIT,D180,TSP5+0.536m,0.030,
"1,003B",26,48,0.93,7.0,22.47,In,PIT,D180,TSP9+0.166m,0.010,
"1,004B",26,49,1.2,10.0,30.33,In,PIT,D180,TSP10+0.146m,0.020,
"1,005B",26,50,1.83,4.0,16.95,In,PIT,D180,TSP10+0.049m,0.020,
"1,006B",26,51,0.95,5.0,19.11,In,PIT,D180,TSP8+0.324m,0.050,
"1,007B",26,53,1.57,7.0,22.38,In,PIT,D180,TSP10+0.381m,0.020,
"1,008B",27,1,0.82,2.0,12.36,In,PIT,D180,TSP3+0.282m,0.020,
"1,009B",27,2,1.57,5.0,17.7,In,PIT,D180,TSP9+0.450m,0.040,
"1,010B",27,3,1.18,6.0,20.75,In,PIT,D180,TSP5+0.618m,0.040,
"1,011B",27,6,1.0,4.0,14.86,In,PIT,D180,TSP7+0.078m,0.020,
"1,012B",27,7,0.84,2.0,11.05,In,PIT,D180,TSP9+0.150m,0.020,
"1,013B",27,8,0.76,3.0,12.98,In,PIT,D180,TSP8+0.154m,0.030,
"1,014B",27,10,0.78,4.0,15.87,In,PIT,D180,TSP3+0.036m,0.010,
"1,015B",27,12,0.79,5.0,19.16,In,PIT,D180,TSP8+0.431m,0.030,
"1,016B",27,13,1.64,8.0,25.93,In,PIT,D180,TSP2+0.225m,0.020,
"1,017B",27,14,0.77,5.0,17.57,In,PIT,D180,TSP3+0.347m,0.030,
"1,018B",27,15,1.39,7.0,23.0,In,PIT,D180,TSP10+0.059m,0.010,
"1,019B",27,16,0.9,5.0,17.37,In,PIT,D180,TSP10+0.117m,0.010,
"1,020B",27,17,0.98,2.0,11.44,In,PIT,D180,TSP11+0.171m,0.010,
"1,021B",27,18,1.05,3.0,13.7,In,PIT,D180,TSP4+0.124m,0.020,
"1,022B",27,19,2.51,4.0,14.78,In,PIT,D180,TSP11+0.059m,0.010,
"1,023B",27,22,1.49,5.0,19.1,In,PIT,D180,TSP3+0.326m,0.040,
"1,024B",27,23,1.42,8.0,25.38,In,PIT,D180,TSP9+0.438m,0.020,
"1,025B",27,25,0.97,5.0,18.5,In,PIT,D180,TSP4+0.137m,0.020,
"1,026B",27,26,1.11,8.0,25.23,In,PIT,D180,TSP2+0.093m,0.020,
"1,027B",27,27,0.81,2.0,12.29,In,PIT,D180,TSP6+0.424m,0.020,
"1,028B",27,29,0.87,3.0,13.1,In,PIT,D180,TSP9+0.114m,0.020,
"1,029B",27,35,0.97,2.0,10.44,In,PIT,D180,TSP11+0.111m,0.010,
"1,030B",27,36,2.27,9.0,26.67,In,PIT,D180,TSP10+0.395m,0.030,
"1,031B",27,37,0.79,4.0,15.86,In,PIT,D180,TSP9+0.134m,0.010,
"1,032B",27,39,1.02,3.0,14.66,In,PIT,D180,TSP9+0.483m,0.020,
"1,033B",27,41,0.92,5.0,17.5,In,PIT,D180,TSP10+0.260m,0.010,
"1,034B",27,42,1.18,3.0,13.16,In,PIT,D180,TSP10+0.198m,0.020,
"1,035B",27,43,0.71,5.0,19.32,In,PIT,D180,TSP9+0.226m,0.030,
"1,036B",27,44,0.97,6.0,20.99,In,PIT,D180,TSP10+0.214m,0.020,
"1,037B",27,45,1.14,6.0,20.56,In,PIT,D180,TSP10+0.124m,0.030,
"1,038B",27,46,0.82,4.0,16.89,In,PIT,D180,TSP9+0.045m,0.010,
"1,039B",27,47,1.94,9.0,27.72,In,PIT,D180,TSP10+0.221m,0.030,
"1,040B",27,48,6.2,11.0,31.16,In,PIT,D180,TSP11+0.181m,0.040,
"1,041B",27,49,0.93,2.0,11.85,In,PIT,D180,TSP9+0.096m,0.020,
"1,042B",27,51,3.14,6.0,21.44,In,PIT,D180,TSP8+0.436m,0.020,
"1,043B",27,52,1.23,6.0,20.09,In,PIT,D180,TSP9+0.125m,0.020,
"1,044B",28,1,1.58,6.0,20.09,In,PIT,D180,TSP10+0.631m,0.030,
"1,045B",28,2,0.86,6.0,21.03,In,PIT,D180,TSP9+0.099m,0.020,
"1,046B",28,4,0.68,3.0,13.91,In,PIT,D180,TEO+0.614m,0.010,
"1,047B",28,5,0.72,5.0,18.21,In,PIT,D180,TSP9+0.436m,0.020,
"1,048B",28,6,1.41,7.0,23.25,In,PIT,D180,TSP7+0.078m,0.040,
"1,049B",28,7,1.01,4.0,15.23,In,PIT,D180,TSP10+0.986m,0.030,
"1,050B",28,8,1.38,5.0,17.13,In,PIT,D180,TSP5+0.249m,0.020,
"1,051B",28,11,1.02,4.0,15.47,In,PIT,D180,TSP8+0.533m,0.040,
"1,052B",28,13,0.95,5.0,17.7,In,PIT,D180,TSP10+0.561m,0.050,
"1,151B",30,49,0.91,3.0,14.28,In,PIT,D180,TSP10+0.407m,0.060,
"1,152B",30,50,0.57,8.0,25.18,In,PIT,D180,TSP10+0.103m,0.020,
"1,153B",30,51,1.74,10.0,29.73,In,PIT,D180,TSP10+0.159m,0.020,
"1,154B",31,1,1.62,7.0,22.17,In,PIT,D180,TSP10+0.452m,0.030,
"1,155B",31,2,3.77,9.0,27.92,In,PIT,D180,TSP11+0.060m,0.020,
"1,156B",31,5,0.66,7.0,23.73,In,PIT,D180,TSP7+0.031m,0.020,
"1,157B",31,6,1.12,7.0,23.5,In,PIT,D180,TSP9+0.408m,0.010,
"1,158B",31,7,0.68,4.0,14.99,In,PIT,D180,TSP6+0.409m,0.020,
"1,159B",31,8,0.89,8.0,24.48,In,PIT,D180,TSP10+0.052m,0.010,
"1,160B",31,10,1.09,5.0,18.2,In,PIT,D180,TSP9+0.140m,0.020,
"1,161B",31,12,1.43,4.0,15.77,In,PIT,D180,TSP1+0.588m,0.010,
"1,162B",31,13,1.05,9.0,27.77,In,PIT,D180,TSP9+0.309m,0.010,
"1,163B",31,15,1.3,9.0,27.66,In,PIT,D180,TEO+0.400m,0.020,
"1,164B",31,16,5.39,15.0,42.1,In,PIT,D180,TSP10+0.721m,0.090,
"1,053B",28,14,1.08,4.0,16.87,In,PIT,D180,TSP2+0.236m,0.020,
"1,054B",28,15,1.41,4.0,15.32,In,PIT,D180,TSP11+0.281m,0.020,
"1,055B",28,16,1.17,6.0,20.76,In,PIT,D180,TSP10+0.589m,0.030,
"1,056B",28,18,0.78,4.0,16.92,In,PIT,D180,TSP10+0.091m,0.020,
"1,057B",28,19,0.66,4.0,15.1,In,PIT,D180,TSP8+0.608m,0.020,
"1,058B",28,20,2.72,9.0,26.44,In,PIT,D180,TSP10+0.042m,0.020,
"1,059B",28,22,0.55,4.0,15.7,In,PIT,D180,TSP1+0.594m,0.020,
"1,060B",28,23,2.07,9.0,26.72,In,PIT,D180,TSP10+0.611m,0.050,
"1,061B",28,24,1.01,6.0,20.86,In,PIT,D180,TSP9+0.417m,0.020,
"1,062B",28,26,3.06,8.0,25.46,In,PIT,D180,TSP9+0.016m,0.010,
"1,063B",28,27,1.01,4.0,14.95,In,PIT,D180,TSP2+0.191m,0.020,
"1,064B",28,28,1.43,8.0,24.31,In,PIT,D180,TSP10+0.195m,0.060,
"1,065B",28,29,0.93,8.0,24.94,In,PIT,D180,TSP8+0.624m,0.020,
"1,066B",28,30,1.42,3.0,13.11,In,PIT,D180,TSP1+0.087m,0.020,
"1,067B",28,31,1.03,7.0,23.35,In,PIT,D180,TSP10+0.082m,0.010,
"1,068B",28,32,1.04,5.0,18.58,In,PIT,D180,TSP10+0.104m,0.030,
"1,069B",28,33,0.91,5.0,18.53,In,PIT,D180,TSP10+0.149m,0.020,
"1,070B",28,34,0.98,6.0,21.1,In,PIT,D180,TSP1+0.371m,0.030,
"1,071B",28,35,0.97,5.0,17.31,In,PIT,D180,TSP11+0.116m,0.030,
"1,072B",28,36,1.14,10.0,30.96,In,PIT,D180,TSP10+0.042m,0.030,
"1,073B",28,38,0.85,6.0,20.51,In,PIT,D180,TSP3+0.241m,0.020,
"1,074B",28,40,0.82,3.0,13.63,In,PIT,D180,TSP3+0.572m,0.040,
"1,075B",28,41,1.01,4.0,16.72,In,PIT,D180,TSP3+0.260m,0.020,
"1,076B",28,42,0.65,7.0,23.17,In,PIT,D180,TSP5+0.058m,0.030,
"1,077B",28,44,1.93,8.0,24.45,In,PIT,D180,TSP10+0.601m,0.030,
"1,078B",28,45,0.77,3.0,12.63,In,PIT,D180,TSP9+0.131m,0.020,
"1,079B",28,48,0.73,7.0,23.42,In,PIT,D180,TSP4+0.327m,0.020,
"1,080B",28,50,0.96,7.0,22.73,In,PIT,D180,TSP9+0.485m,0.020,
"1,081B",28,51,1.46,4.0,15.46,In,PIT,D180,TSP10+0.519m,0.030,
"1,082B",28,52,1.32,4.0,15.06,In,PIT,D180,TSP6+0.311m,0.030,
"1,083B",28,53,0.73,5.0,19.21,In,PIT,D180,TSP7+0.283m,0.020,
"1,084B",28,54,0.5,6.0,20.91,In,PIT,D180,TSP10+0.045m,0.010,
"1,085B",29,1,1.41,7.0,23.03,In,PIT,D180,TSP9+0.734m,0.030,
"1,086B",29,3,0.94,6.0,19.73,In,PIT,D180,TSP6+0.263m,0.020,
"1,087B",29,4,0.64,6.0,20.51,In,PIT,D180,TSP8+0.631m,0.020,
"1,088B",29,5,0.89,4.0,15.47,In,PIT,D180,TSP10+0.084m,0.030,
"1,089B",29,6,1.17,6.0,21.04,In,PIT,D180,TSP6+0.396m,0.020,
"1,090B",29,8,1.19,2.0,10.89,In,PIT,D180,TSP6+0.576m,0.010,
"1,091B",29,10,1.03,3.0,14.35,In,PIT,D180,TSP1+0.617m,0.030,
"1,092B",29,11,0.98,3.0,12.56,In,PIT,D180,TEO+0.349m,0.030,
"1,093B",29,14,1.52,7.0,22.33,In,PIT,D180,TSP10+0.162m,0.030,
"1,094B",29,15,1.46,5.0,19.0,In,PIT,D180,TSP11+0.120m,0.020,
"1,095B",29,16,1.03,5.0,18.93,In,PIT,D180,TSP6+0.474m,0.010,
"1,096B",29,17,1.95,8.0,24.53,In,PIT,D180,TSP10+0.537m,0.050,
"1,097B",29,18,2.75,3.0,13.46,In,PIT,D180,TSP11+0.103m,0.020,
"1,098B",29,19,3.58,4.0,14.92,In,PIT,D180,TSP1+0.368m,0.040,
"1,099B",29,20,0.89,3.0,13.73,In,PIT,D180,TSP10+0.236m,0.040,
"1,100B",29,21,1.98,8.0,24.15,In,PIT,D180,TSP3+0.114m,0.030,
"1,101B",29,22,1.12,2.0,10.38,In,PIT,D180,TEO+0.358m,0.020,
"1,102B",29,25,2.1,4.0,15.51,In,PIT,D180,TSP1+0.582m,0.050,
"1,103B",29,26,1.15,2.0,11.02,In,PIT,D180,TSP10+0.857m,0.010,
"1,104B",29,27,1.3,2.0,10.47,In,PIT,D180,TSP5+0.391m,0.020,
"1,105B",29,28,2.18,5.0,18.78,In,PIT,D180,TSP8+0.466m,0.020,
"1,106B",29,31,1.0,4.0,16.67,In,PIT,D180,TSP10+0.132m,0.010,
"1,107B",29,33,0.82,5.0,19.38,In,PIT,D180,TSP10+0.546m,0.030,
"1,108B",29,34,1.8,13.0,36.37,In,PIT,D180,TSP9+0.370m,0.010,
"1,109B",29,36,1.3,7.0,23.94,In,PIT,D180,TSP8+0.486m,0.020,
"1,110B",29,39,0.88,4.0,15.43,In,PIT,D180,TSP1+0.470m,0.020,
"1,111B",29,41,2.54,10.0,30.3,In,PIT,D180,TSP8+0.369m,0.030,
"1,112B",29,42,1.42,3.0,14.71,In,PIT,D180,TSP2+0.019m,0.020,
"1,113B",29,43,1.35,7.0,21.99,In,PIT,D180,TSP8+0.169m,0.030,
"1,114B",29,48,0.75,5.0,17.36,In,PIT,D180,TSP9+0.389m,0.030,
"1,115B",29,49,0.82,5.0,18.38,In,PIT,D180,TSP5+0.046m,0.020,
"1,116B",29,50,0.91,3.0,13.87,In,PIT,D180,TSP8+0.647m,0.020,
"1,117B",29,51,0.77,5.0,19.22,In,PIT,D180,TSP9+0.299m,0.010,
"1,118B",29,52,0.74,5.0,18.22,In,PIT,D180,TSP9+0.308m,0.010,
"1,119B",29,53,1.75,8.0,26.41,In,PIT,D180,TSP7+0.088m,0.010,
"1,120B",30,1,1.04,4.0,16.77,In,PIT,D180,TSP1+0.532m,0.050,
"1,121B",30,3,1.38,7.0,24.05,In,PIT,D180,TSP9+0.163m,0.030,
"1,122B",30,4,1.24,5.0,18.55,In,PIT,D180,TSP9+0.034m,0.020,
"1,123B",30,5,3.49,13.0,35.81,In,PIT,D180,TSP10+0.911m,0.020,
"1,124B",30,7,0.94,3.0,13.34,In,PIT,D180,TSP9+0.380m,0.020,
"1,125B",30,8,1.07,5.0,18.32,In,PIT,D180,TSP10+0.088m,0.020,
"1,126B",30,11,0.7,7.0,22.89,In,PIT,D180,TSP3+0.163m,0.040,
"1,127B",30,13,0.77,5.0,17.13,In,PIT,D180,TSP3+0.106m,0.020,
"1,128B",30,17,1.01,4.0,16.76,In,PIT,D180,TSP1+0.111m,0.020,
"1,129B",30,18,2.08,7.0,22.32,In,PIT,D180,TSP7+0.151m,0.020,
"1,130B",30,20,1.13,3.0,13.72,In,PIT,D180,TSP4+0.273m,0.030,
"1,131B",30,22,0.69,6.0,20.23,In,PIT,D180,TSP5+0.247m,0.040,
"1,132B",30,23,0.85,6.0,20.79,In,PIT,D180,TSP6+0.046m,0.020,
"1,133B",30,24,1.35,3.0,13.36,In,PIT,D180,TSP7+0.227m,0.020,
"1,134B",30,26,3.39,7.0,24.06,In,PIT,D180,TSP9+0.126m,0.060,
"1,135B",30,27,1.81,7.0,23.11,In,PIT,D180,TSP8+0.198m,0.010,
"1,136B",30,28,1.47,11.0,33.37,In,PIT,D180,TSP8+0.195m,0.030,
"1,137B",30,29,1.54,5.0,18.3,In,PIT,D180,TSP6+0.253m,0.020,
"1,138B",30,30,1.58,6.0,20.62,In,PIT,D180,TSP9+0.432m,0.010,
"1,139B",30,31,1.84,8.0,26.02,In,PIT,D180,TSP9+0.187m,0.020,
"1,140B",30,32,0.76,5.0,17.09,In,PIT,D180,TSP3+0.518m,0.020,
"1,141B",30,34,3.91,17.0,46.03,In,PIT,D180,TSP8+0.163m,0.010,
"1,142B",30,35,1.58,9.0,28.47,In,PIT,D180,TSP7+0.034m,0.020,
"1,143B",30,36,2.06,8.0,26.13,In,PIT,D180,TSP10+0.413m,0.010,
"1,144B",30,37,0.82,4.0,15.94,In,PIT,D180,TSP10+0.197m,0.010,
"1,145B",30,38,0.81,3.0,13.22,In,PIT,D180,TSP10+0.575m,0.040,
"1,146B",30,39,1.21,4.0,15.23,In,PIT,D180,TSP8+0.341m,0.020,
"1,147B",30,40,1.15,6.0,20.68,In,PIT,D180,TSP7+0.279m,0.020,
"1,148B",30,41,0.7,5.0,17.3,In,PIT,D180,TSP8+0.097m,0.020,
"1,149B",30,43,0.93,5.0,18.44,In,PIT,D180,TSP3+0.440m,0.030,
"1,150B",30,48,0.75,7.0,21.89,In,PIT,D180,TSP9+0.258m,0.020,
"1,165B",31,17,2.42,10.0,30.95,In,PIT,D180,TSP10+0.409m,0.020,
"1,166B",31,18,0.92,9.0,28.62,In,PIT,D180,TSP9+0.091m,0.010,
"1,167B",31,19,1.01,12.0,34.6,In,PIT,D180,TSP9+0.589m,0.010,
"1,168B",31,20,1.48,9.0,27.41,In,PIT,D180,TSP9+0.220m,0.020,
"1,169B",31,21,2.12,2.0,12.34,In,PIT,D180,TSP3+0.604m,0.030,
"1,170B",31,22,2.14,8.0,24.73,In,PIT,D180,TSP10+0.261m,0.010,
"1,171B",31,24,0.89,9.0,27.3,In,PIT,D180,TSP5+0.090m,0.020,
"1,172B",31,25,1.41,2.0,11.91,In,PIT,D180,TSP6+0.174m,0.020,
"1,173B",31,26,0.85,8.0,25.89,In,PIT,D180,TSP10+0.761m,0.020,
"1,174B",31,27,2.51,15.0,30.57,In,PIT,MIX1,TSP10+0.012m,0.010,
"1,175B",31,28,0.89,21.0,54.54,In,PIT,D180,TEO+0.414m,0.010,
"1,176B",31,29,1.01,9.0,26.96,In,PIT,D180,TSP9+0.191m,0.030,
"1,177B",31,30,1.91,27.0,69.33,In,PIT,D180,TEO+0.063m,0.030,
"1,178B",31,31,2.31,12.0,33.44,In,PIT,D180,TSP8+0.164m,0.010,
"1,179B",31,32,1.63,7.0,23.58,In,PIT,D180,TSP9+0.316m,0.020,
"1,180B",31,33,1.83,13.0,36.77,In,PIT,D180,TSP9+0.038m,0.020,
"1,181B",31,34,3.63,9.0,26.74,In,PIT,D180,TSP7+0.114m,0.040,
"1,182B",31,35,0.99,8.0,24.72,In,PIT,D180,TSP2+0.172m,0.030,
"1,183B",31,36,1.69,9.0,26.89,In,PIT,D180,TSP10+0.246m,0.020,
"1,184B",31,38,1.35,7.0,22.11,In,PIT,D180,TSP9+0.347m,0.010,
"1,185B",31,39,2.3,8.0,25.89,In,PIT,D180,TSP4+0.307m,0.040,
"1,186B",31,40,1.24,4.0,15.85,In,PIT,D180,TSP10+0.114m,0.020,
"1,187B",31,41,2.31,24.0,61.48,In,PIT,D180,TSP10+1.181m,0.020,
